product_id,category_id,created,created_by,updated,updated_by
f4e01cc5-89ca-4c7f-bb65-7b864707857b,9bd673f2-1f8b-4a69-957b-2e135b5de64f,5/22/2016,,,
de7e53cf-7ed3-475b-9fb3-28a403422e2d,1abeb3cd-8da8-4cc3-867f-10716bc168c2,1/28/2016,,,
df6e640c-ff70-4665-8ad3-b5d25fa2c9ca,0c0a2f66-a936-4741-bbe2-f43ad794e040,5/3/2016,,,
956a6861-e892-41e6-b56b-3ad534aaa8fe,9bd673f2-1f8b-4a69-957b-2e135b5de64f,12/30/2015,,,
2edf51e7-1475-49fe-8706-9266dcedbe14,700acc29-9651-4a7c-a0b4-1a1fb07e93a9,3/15/2016,,,
4b018d66-1053-4435-a53e-aa3092c3843d,6933121c-69dc-47be-aff2-a0762b81d451,11/16/2015,,,
4abecc51-0dea-4458-b7e0-77887c148194,952cfb6b-82db-4895-8072-1d949662f99d,7/19/2015,19f448d8-4763-4dd5-abfc-5088b698bae9,4/1/2016,741a5710-9579-4bbd-b161-568928a00dfc
9861101c-d6e0-4fc6-9458-8afbc3d8515a,952cfb6b-82db-4895-8072-1d949662f99d,3/19/2016,,,
7a1b96d0-eaf3-4d83-9a80-d7300727eb3e,d0854743-acec-42dc-8ad7-4801bafa729d,4/20/2016,,,
fc2d359d-adf4-4ab4-bda0-1cec0e193679,1abeb3cd-8da8-4cc3-867f-10716bc168c2,6/16/2016,,,
2e4a279f-dc75-4025-adbc-684250523fbd,8c1699ac-2d2e-4128-936d-c447d7f77cbb,2/26/2016,,,
704da201-39a8-49b9-970e-141adaca295f,96713995-3efa-43e5-b910-48a2d1273e1b,10/14/2015,,,
3377a57b-3050-4951-825f-0f9d268b84a6,e0791417-9f1a-4909-9915-a02e8002d65b,4/15/2016,,,
50006cbb-a193-477e-bf3d-17e73a4c3dbf,700acc29-9651-4a7c-a0b4-1a1fb07e93a9,8/12/2015,,,
dc13fac7-6d89-42a8-933f-43366f1d4587,1abeb3cd-8da8-4cc3-867f-10716bc168c2,5/14/2016,53aa65c8-5025-4ddd-bc96-dcdb9193d330,5/4/2016,b570bee0-8200-4423-805b-26dba4941bbe
a767b40e-15e5-43a0-a2b7-17938c091d3d,04a0aad1-af2b-4a2a-92e0-a811946ece0c,2/21/2016,,,
c2e3e10a-9d7a-4e7b-8083-fd7787ef956e,d0854743-acec-42dc-8ad7-4801bafa729d,9/16/2015,9680f682-0e02-47ec-b5c6-e6db7d286dc6,6/26/2016,40d5db54-b9f1-4e45-8049-f490129d64d5
ec6efd51-f74d-4ffb-8bef-53772a8ed2ff,3b6da08e-ba56-44c1-9930-00d084576355,10/22/2015,,,
2d6e602f-7bfb-480b-a696-9dca5f16d9d1,2a1a8d1d-8123-49ae-8adc-34318b7d4f5e,12/11/2015,,,
6fb2e301-749a-439d-800b-9ce91c80cfa3,d0854743-acec-42dc-8ad7-4801bafa729d,3/8/2016,,,
295230e4-6bef-49bd-af97-c6f67301069d,e0791417-9f1a-4909-9915-a02e8002d65b,8/12/2015,,,
3b2ec2c0-f197-4c95-819e-fb57bed1b77d,9bd673f2-1f8b-4a69-957b-2e135b5de64f,9/14/2015,,,
52cd1c15-bc00-49c9-9ccf-b79471c59da0,2a1a8d1d-8123-49ae-8adc-34318b7d4f5e,2/28/2016,,,
356b953a-5507-44b4-86c2-a394984869bb,9bd673f2-1f8b-4a69-957b-2e135b5de64f,5/31/2016,,,
6529b279-2efb-41dd-b58f-cce87641b0ae,700acc29-9651-4a7c-a0b4-1a1fb07e93a9,3/17/2016,,,
5ca1e2d3-d9d6-466e-a862-9191007bfe71,1abeb3cd-8da8-4cc3-867f-10716bc168c2,8/15/2015,eacf1e2a-ff63-4a88-b045-2601e06d2c58,9/29/2015,9ff45ffa-cf04-44af-b3d9-02ecead11bf2
2b692b5a-f96e-4426-bf8b-db0c1d3c537a,42a7049c-17eb-4a35-b4d4-c0f562fff223,5/6/2016,,,
1bc12d95-ed5c-4235-a42a-9e4cd6f7596a,8c1699ac-2d2e-4128-936d-c447d7f77cbb,4/12/2016,,,
7d0d69be-ec69-48a8-b521-6fd3a21a5bd9,cb779c58-4538-4efd-aefe-efd63f98a1b4,7/21/2015,,,
d0f7d76a-bf45-429c-99af-ae279b419fed,cb779c58-4538-4efd-aefe-efd63f98a1b4,7/11/2015,,,
2053fbe6-38dc-4bf1-b506-85dfaf900cb0,8c1699ac-2d2e-4128-936d-c447d7f77cbb,2/5/2016,,,
8036ee03-0d74-462f-bd18-ea719b880ff1,42a7049c-17eb-4a35-b4d4-c0f562fff223,10/25/2015,,,
447116f5-0963-407f-ad2c-dbebf47e15be,3b6da08e-ba56-44c1-9930-00d084576355,12/8/2015,,,
9e291c3c-0072-4a17-99ad-026becfd8cfc,cb779c58-4538-4efd-aefe-efd63f98a1b4,8/15/2015,,,
566737e7-ee48-4ae2-a7ee-3107de2dbeab,96713995-3efa-43e5-b910-48a2d1273e1b,9/12/2015,,,
aae81ad7-1d97-448b-a503-f3eaf3e276bc,3b6da08e-ba56-44c1-9930-00d084576355,5/13/2016,ebe11914-e5a5-4023-9104-d9e085dbdfb8,7/29/2015,f8126dd3-0f06-46c9-aa1e-1b5dabed1c54
98992012-25cf-4a45-a63e-2916867a75fe,2a1a8d1d-8123-49ae-8adc-34318b7d4f5e,11/19/2015,,,
77fe96e0-7a6b-47a3-8f8f-7d7927c9d1be,26f80174-43b4-47ef-8a59-19795a078903,1/16/2016,,,
2101c63e-8339-40bc-942f-c3169a1d4bd9,952cfb6b-82db-4895-8072-1d949662f99d,8/13/2015,,,
328581bb-cddb-471d-b2b5-ceb93011df1d,952cfb6b-82db-4895-8072-1d949662f99d,5/8/2016,,,
9a4e56a2-940f-46ec-bd6f-9799be48c76d,e0791417-9f1a-4909-9915-a02e8002d65b,2/25/2016,,,
0bea996a-850f-451e-96c4-46dcbcbbaa14,6933121c-69dc-47be-aff2-a0762b81d451,12/8/2015,,,
b4390896-f57b-43b1-8412-5a07026d0b8c,04a0aad1-af2b-4a2a-92e0-a811946ece0c,8/5/2015,,,
a197972d-a9da-4524-8a29-83d7c3798287,3b6da08e-ba56-44c1-9930-00d084576355,2/12/2016,,,
61f76ae2-dc4a-48fe-aa43-018dd3422527,8c1699ac-2d2e-4128-936d-c447d7f77cbb,12/7/2015,,,
069451bc-2959-493d-be6e-2721f80c6522,cb779c58-4538-4efd-aefe-efd63f98a1b4,1/15/2016,,,
6a7da2f9-e39d-4b40-8ee4-f8873e715507,26f80174-43b4-47ef-8a59-19795a078903,12/18/2015,,,
db53fee4-b679-4e95-b93d-60cefd517c17,26f80174-43b4-47ef-8a59-19795a078903,6/3/2016,,,
4e781973-7f7c-48bb-8c4d-0c3cf828b31a,051a01ce-80a5-4b69-a885-c6f165468bd4,11/5/2015,dd77cdc8-baca-4b43-91a9-a6c52747634d,11/25/2015,5f328ae6-efc7-4928-a80d-e53d0cd280d2
72fc5c79-6ac6-44c3-9ef7-a1486ceb81f6,051a01ce-80a5-4b69-a885-c6f165468bd4,9/27/2015,,,
7742c74a-957e-4464-b560-e561372d2165,2a1a8d1d-8123-49ae-8adc-34318b7d4f5e,4/23/2016,,,
20f172e1-dba6-4264-9fad-7ec34f09869f,26f80174-43b4-47ef-8a59-19795a078903,3/22/2016,,,
5c7144a7-7f4b-47a6-b46b-3d406c177301,700acc29-9651-4a7c-a0b4-1a1fb07e93a9,12/29/2015,,,
94d7f726-40de-443f-b44a-cc872c8f56c0,1abeb3cd-8da8-4cc3-867f-10716bc168c2,4/5/2016,,,
37f9e869-1887-4374-a5dc-2cb2c1419b96,1abeb3cd-8da8-4cc3-867f-10716bc168c2,1/24/2016,,,
c3da5c79-43bc-4db3-b340-a51a7aee15b0,96713995-3efa-43e5-b910-48a2d1273e1b,12/31/2015,,,
8a8fd645-937b-49a0-ba32-9a2a54485a9f,d0854743-acec-42dc-8ad7-4801bafa729d,8/16/2015,,,
82da9312-bb51-4721-9b52-9bf959cf0652,d0854743-acec-42dc-8ad7-4801bafa729d,11/16/2015,,,
2d58db8e-86e6-45cb-972b-e40bf848dfb7,e0791417-9f1a-4909-9915-a02e8002d65b,2/8/2016,,,
66d4088c-e15c-40b2-abd2-6f39bebdbc80,6933121c-69dc-47be-aff2-a0762b81d451,5/11/2016,,,
35d98d16-fd04-47f0-8055-83a69eb5b7d9,6933121c-69dc-47be-aff2-a0762b81d451,10/19/2015,,,
0b371dbe-85b6-4f19-8fba-c9ad3a300813,1abeb3cd-8da8-4cc3-867f-10716bc168c2,11/19/2015,,,
53b1c15f-b955-4469-8566-50fac73bd281,051a01ce-80a5-4b69-a885-c6f165468bd4,8/18/2015,,,
d7a02986-6839-4d37-b9ef-630e89ab70b2,2a1a8d1d-8123-49ae-8adc-34318b7d4f5e,3/21/2016,,,
2fd88cfe-9c15-4dfd-9898-ab5e068355d9,cb779c58-4538-4efd-aefe-efd63f98a1b4,3/29/2016,,,
486216f8-f4c1-4083-aa17-c7fa70fecbc9,051a01ce-80a5-4b69-a885-c6f165468bd4,9/2/2015,,,
fb0768f8-f0a8-4620-a4cd-3ca262c80daa,0c0a2f66-a936-4741-bbe2-f43ad794e040,1/13/2016,,,
05f80793-ddd3-4692-baef-47336fd5a96a,952cfb6b-82db-4895-8072-1d949662f99d,3/20/2016,,,
07074312-2a3a-4d8b-aca6-d226565987d0,2a1a8d1d-8123-49ae-8adc-34318b7d4f5e,7/5/2015,,,
9cd49ea8-0245-4cb7-8c0b-721026ee1b4f,3b6da08e-ba56-44c1-9930-00d084576355,8/29/2015,,,
e7405521-00a6-400d-a4cd-0974d82bcbb8,cb779c58-4538-4efd-aefe-efd63f98a1b4,11/1/2015,,,
13694b21-2cf2-4f7e-a734-cff7a09fc9af,cb779c58-4538-4efd-aefe-efd63f98a1b4,7/21/2015,,,
ceb50862-d420-4763-bc62-ce0bbdc64276,1abeb3cd-8da8-4cc3-867f-10716bc168c2,7/4/2015,,,
3f08fe07-7fa2-49cf-97c1-dbdc2c3905a6,cb779c58-4538-4efd-aefe-efd63f98a1b4,3/14/2016,ce245a18-a926-492f-b533-3f7ef1212195,3/16/2016,f8126dd3-0f06-46c9-aa1e-1b5dabed1c54
3af1f781-14cd-4fec-b771-1c6e05b77d18,700acc29-9651-4a7c-a0b4-1a1fb07e93a9,5/4/2016,,,
bf9e64b6-9654-45d5-bca9-42cf3ecf6bc4,6933121c-69dc-47be-aff2-a0762b81d451,5/25/2016,,,
a02163a6-e13e-4362-8cdf-b41882166a1c,8c1699ac-2d2e-4128-936d-c447d7f77cbb,1/21/2016,,,
78343a5c-332f-4ced-950a-5d4a680ecd38,0c0a2f66-a936-4741-bbe2-f43ad794e040,3/2/2016,,,
0f3cc769-69e2-4296-830e-7044dcca56d2,42a7049c-17eb-4a35-b4d4-c0f562fff223,4/15/2016,,,
fc8aedcc-bfd0-458c-803f-16fa36e222b9,1abeb3cd-8da8-4cc3-867f-10716bc168c2,12/6/2015,,,
3e791242-65ea-41ef-acaf-aff4eba19fb6,700acc29-9651-4a7c-a0b4-1a1fb07e93a9,7/7/2015,df60449e-43ba-4978-b596-7dc335e831a8,10/1/2015,3be49e75-0e8b-4daf-9cf9-c3d8e67833c7
1d5ff2eb-57ef-4000-b79e-148d87558212,96713995-3efa-43e5-b910-48a2d1273e1b,6/26/2016,,,
09e874a6-67b8-4dee-b17e-1e200c96c78f,700acc29-9651-4a7c-a0b4-1a1fb07e93a9,1/2/2016,,,
74b7356d-6b88-4714-adac-c17e4e930850,051a01ce-80a5-4b69-a885-c6f165468bd4,7/6/2015,,,
64804979-e103-4f2b-b002-843c36255578,0c56f782-c900-4335-81d8-78197e611041,7/17/2015,,,
2cb83f43-f199-4dec-ba36-98d9f69714ae,952cfb6b-82db-4895-8072-1d949662f99d,2/3/2016,,,
24087e10-270d-473c-bf03-3d15f542443d,2a1a8d1d-8123-49ae-8adc-34318b7d4f5e,1/11/2016,,,
fd76b2e0-4284-4458-a1ab-f986d0a7ee93,26f80174-43b4-47ef-8a59-19795a078903,6/30/2015,,,
a01689bb-3487-4a15-8788-1127608c8028,04a0aad1-af2b-4a2a-92e0-a811946ece0c,9/3/2015,,,
4dc2d2f2-47a4-4002-845c-419cb24b15b0,e0791417-9f1a-4909-9915-a02e8002d65b,5/15/2016,,,
30f1646f-4b7e-4129-9fa3-f337b37a2a9d,0c0a2f66-a936-4741-bbe2-f43ad794e040,9/23/2015,,,
f68ca3b2-9d96-438b-9dfe-8d858f3fde62,0c56f782-c900-4335-81d8-78197e611041,6/28/2016,,,
6f19efbc-261f-4500-9b53-7336f400aa19,3b6da08e-ba56-44c1-9930-00d084576355,5/29/2016,,,
db78f24d-3aac-4d5c-9da5-2eba7f6989f2,04a0aad1-af2b-4a2a-92e0-a811946ece0c,6/13/2016,,,
0f947871-855b-4a26-a94b-797d8556ba00,26f80174-43b4-47ef-8a59-19795a078903,2/8/2016,,,
e2bc0fe0-dacc-4d5b-91db-2a49d1f47e6a,0c56f782-c900-4335-81d8-78197e611041,5/10/2016,,,
4d137e28-9730-460d-b77b-bb6a68ae44cc,2a1a8d1d-8123-49ae-8adc-34318b7d4f5e,4/5/2016,,,
f10739c7-3c4d-4759-91df-c6aa2045470f,42a7049c-17eb-4a35-b4d4-c0f562fff223,10/14/2015,,,
d147cd99-d941-4563-a172-25614533446a,9bd673f2-1f8b-4a69-957b-2e135b5de64f,7/22/2015,ba07cb47-3372-4cb5-b7a8-4b4b9d7c6780,7/5/2015,ec9c2878-f61c-4a26-b487-f041f31c87f1
2b9c4b46-b551-4851-9272-ebaf2caec16f,d0854743-acec-42dc-8ad7-4801bafa729d,10/12/2015,,,
95f06fd6-437a-422b-aca5-d3db645353bb,8c1699ac-2d2e-4128-936d-c447d7f77cbb,4/3/2016,,,
b0d28b5a-d449-4f7d-a19d-7c4afe4e168c,6933121c-69dc-47be-aff2-a0762b81d451,11/7/2015,,,
274ba299-e69d-4d64-87d8-ec9b327d6cc0,42a7049c-17eb-4a35-b4d4-c0f562fff223,6/27/2016,,,
232d9aba-412f-4ed5-8704-50d21472824f,952cfb6b-82db-4895-8072-1d949662f99d,2/19/2016,,,
156a2a33-35ec-4383-9ff1-6eb36e5b6dc3,9bd673f2-1f8b-4a69-957b-2e135b5de64f,2/23/2016,,,
daa023f1-4a57-4cc0-adba-9046c3f367f8,6933121c-69dc-47be-aff2-a0762b81d451,12/14/2015,7a7d804c-fa9f-4684-9dc5-52fee2e1aecc,7/6/2015,062e6b33-6b7c-4e32-9ee9-cd42d0005501
be887d55-4a2b-457f-8063-a5d0ae996bd7,700acc29-9651-4a7c-a0b4-1a1fb07e93a9,6/13/2016,61389b61-f28c-48b9-b557-ba1d70b203d3,3/24/2016,d96c4e99-8650-4df3-9d5e-e9ca4b2244f3
8d4c1093-ec78-478f-b9fb-e0b9507d190d,8c1699ac-2d2e-4128-936d-c447d7f77cbb,6/4/2016,,,
743f07d9-49ff-4d42-805b-5e942a77631e,cb779c58-4538-4efd-aefe-efd63f98a1b4,1/14/2016,fd27c661-bb14-45f0-b386-b99763cb55ca,9/7/2015,fa18c730-8cce-4d46-914d-e52b5bb0488f
bb4dbcbc-4100-4687-909e-af570ba5b13a,d0854743-acec-42dc-8ad7-4801bafa729d,4/3/2016,,,
5cf405d1-a4ff-42a9-bb9b-9bab57d56794,04a0aad1-af2b-4a2a-92e0-a811946ece0c,7/26/2015,ece7e3a5-d227-4069-85a1-5e732b7019fe,2/18/2016,39fd2b44-f013-4ef8-b83f-dc1f550ab20f
03b6735f-d67a-4f5c-b910-a313a831f711,6933121c-69dc-47be-aff2-a0762b81d451,9/17/2015,,,
ced90482-e822-4cca-814a-1bbe98600be1,e0791417-9f1a-4909-9915-a02e8002d65b,9/16/2015,,,
436b89fe-155b-41e2-aa2c-42bce9489c6d,700acc29-9651-4a7c-a0b4-1a1fb07e93a9,11/8/2015,,,
f4da024a-b252-4009-9e6e-79e3a6cc11c0,952cfb6b-82db-4895-8072-1d949662f99d,12/13/2015,,,
83971de5-0135-45b4-9ffc-ff4b1fb69a5c,1abeb3cd-8da8-4cc3-867f-10716bc168c2,4/18/2016,,,
b992217d-f1b4-49c2-964a-24b14e6de87a,42a7049c-17eb-4a35-b4d4-c0f562fff223,3/31/2016,,,
834077ea-89d5-4223-99fd-353a91d4399a,cb779c58-4538-4efd-aefe-efd63f98a1b4,9/21/2015,12511b79-9dc9-46a0-91eb-014c02de1677,5/21/2016,a32f19e7-7268-4bd3-ad6f-36796840478a
723bd4fc-f8b0-4907-b5ca-a51ee8caf442,952cfb6b-82db-4895-8072-1d949662f99d,12/19/2015,,,
4c9a0109-8faa-4608-8453-efefb59efa3e,d0854743-acec-42dc-8ad7-4801bafa729d,1/8/2016,,,
1cab8847-ec4a-4a67-bb15-4dfd7d359db1,0c0a2f66-a936-4741-bbe2-f43ad794e040,10/9/2015,,,
6cd32780-09e7-4880-aab1-fb8f2d2c8c6f,0c0a2f66-a936-4741-bbe2-f43ad794e040,4/13/2016,,,
2c9230b7-965d-48ac-99f3-8317deece509,42a7049c-17eb-4a35-b4d4-c0f562fff223,2/19/2016,,,
9dae5b4d-e338-41f4-85e2-e0c8cf10a509,04a0aad1-af2b-4a2a-92e0-a811946ece0c,2/21/2016,,,
4056d33b-24d4-4b0e-bebf-a34d5640ca36,24aced1a-4388-43fc-9f80-e1596f805e50,12/7/2015,9ca0f5dc-81cd-46d8-b0d0-d5c7be790b38,12/11/2015,0a6e2f29-c29c-4d93-9dbd-e619b53bdfd0
6c4ccdf7-02c8-4829-a07c-e5f13c650ff4,26f80174-43b4-47ef-8a59-19795a078903,4/3/2016,,,
f92fe4a5-e4e6-4be6-aa16-028523345d67,0c56f782-c900-4335-81d8-78197e611041,7/3/2015,,,
9073a750-6e0c-4653-a8ca-e64ff466fa7f,1abeb3cd-8da8-4cc3-867f-10716bc168c2,10/21/2015,,,
9ac46d25-59f7-4b97-bfcf-74aa4573e9aa,24aced1a-4388-43fc-9f80-e1596f805e50,11/27/2015,42d1ce1e-7ad0-4d4a-b2ba-e6e0b73dcac7,8/10/2015,99ae77fe-40d9-4e66-8382-256249eb4544
b3f3eb41-f718-4853-8d5a-d2d16e0ccc04,cb779c58-4538-4efd-aefe-efd63f98a1b4,8/3/2015,,,
c41f5984-32d4-4dd4-ac0b-3b60e0d93398,051a01ce-80a5-4b69-a885-c6f165468bd4,8/15/2015,,,
352bc536-03c9-4dd5-ad7a-ffe3ba9253d3,0c0a2f66-a936-4741-bbe2-f43ad794e040,6/26/2016,,,
7005a3df-14f8-4d5e-b902-8363a04ffc28,cb779c58-4538-4efd-aefe-efd63f98a1b4,10/13/2015,,,
95c139b1-f21e-466e-af52-810ce1cc332e,cb779c58-4538-4efd-aefe-efd63f98a1b4,8/2/2015,,,
798d599a-2ea2-486a-94d9-27a8f531be74,0c56f782-c900-4335-81d8-78197e611041,6/30/2015,,,
6a4932f5-6a44-46d2-a095-37591a22f406,8c1699ac-2d2e-4128-936d-c447d7f77cbb,2/7/2016,,,
5fd2d56f-1174-4d23-88c9-8b0f3c498f7b,1abeb3cd-8da8-4cc3-867f-10716bc168c2,4/23/2016,,,
7f2e08a1-3fd5-44d3-bef3-1d897022f908,d0854743-acec-42dc-8ad7-4801bafa729d,3/3/2016,,,
15a3914f-bc9c-4d08-b978-2c23d75e676c,26f80174-43b4-47ef-8a59-19795a078903,8/31/2015,,,
f3fafc9d-2061-4640-85aa-cee565cbbcae,26f80174-43b4-47ef-8a59-19795a078903,9/20/2015,,,
a5340abc-600d-4254-9386-10ab7d60b55d,cb779c58-4538-4efd-aefe-efd63f98a1b4,12/10/2015,,,
29cfccd6-ab2e-4570-8dde-96f18e4f5eda,952cfb6b-82db-4895-8072-1d949662f99d,7/15/2015,,,
7b00895a-8fa9-40bc-b8d9-0be0a6a0824a,700acc29-9651-4a7c-a0b4-1a1fb07e93a9,10/3/2015,,,
0292b06e-efd3-49f0-b65b-7346eb715129,0c0a2f66-a936-4741-bbe2-f43ad794e040,7/6/2015,,,
d37499ce-498f-414d-971e-9bae6781275d,700acc29-9651-4a7c-a0b4-1a1fb07e93a9,10/2/2015,,,
e50f84e0-60db-4fe4-9bd2-65c7c0ca71fb,cb779c58-4538-4efd-aefe-efd63f98a1b4,4/17/2016,,,
15f24546-49e9-4379-aa83-0de59406c061,42a7049c-17eb-4a35-b4d4-c0f562fff223,9/12/2015,,,
418b1eaf-969d-44e4-8da7-33d53590d307,8c1699ac-2d2e-4128-936d-c447d7f77cbb,3/28/2016,,,
cf94270a-727c-4d19-a9df-dc8350d810cb,2a1a8d1d-8123-49ae-8adc-34318b7d4f5e,6/16/2016,53470e78-f546-4a18-b293-e44d3888f1d7,2/17/2016,63eed96a-c2c5-4469-a125-e2625758b626
2aa9fd45-56ca-4d6a-9dba-98b0087e43e5,26f80174-43b4-47ef-8a59-19795a078903,4/3/2016,,,
ffa5d04e-2c8a-47e9-9b84-8bba41a60466,96713995-3efa-43e5-b910-48a2d1273e1b,9/17/2015,,,
066cc5fd-1423-4ac0-af77-39b29f1c0817,8c1699ac-2d2e-4128-936d-c447d7f77cbb,1/19/2016,,,
f66f6f4f-668d-4d4a-a641-4594367c3c3f,0c56f782-c900-4335-81d8-78197e611041,4/30/2016,,,
3bc6fdad-777b-4130-91ec-f3b7076d08d3,2a1a8d1d-8123-49ae-8adc-34318b7d4f5e,6/27/2016,,,
a1036805-9d25-48e3-b5da-d558ba840e73,9bd673f2-1f8b-4a69-957b-2e135b5de64f,5/25/2016,,,
4af2446e-2bf3-4860-98a7-aaf4d48e9a1c,0c56f782-c900-4335-81d8-78197e611041,3/29/2016,,,
ae4b813e-d862-495d-b9bb-90ee182e44ce,0c56f782-c900-4335-81d8-78197e611041,5/6/2016,,,
341c3fa0-dd24-4db4-93f9-048fd3f1254d,9bd673f2-1f8b-4a69-957b-2e135b5de64f,1/6/2016,,,
f3dd5990-8e47-4247-a5ca-72daadcc9ea1,42a7049c-17eb-4a35-b4d4-c0f562fff223,5/5/2016,,,
dd24265f-1adf-4141-bbe1-392d43aadcd6,0c0a2f66-a936-4741-bbe2-f43ad794e040,10/17/2015,,,
c90d1f82-6974-44c8-a31e-02a64664c5a9,0c56f782-c900-4335-81d8-78197e611041,3/18/2016,,,
99dcbe27-ee86-4d68-96b4-1537625c43f9,0c56f782-c900-4335-81d8-78197e611041,1/31/2016,,,
9f48ed79-1c4a-41ad-bd13-1f8150c4b557,24aced1a-4388-43fc-9f80-e1596f805e50,4/29/2016,,,
127dc392-9e21-4aa6-aefc-cb97920e7bf4,1abeb3cd-8da8-4cc3-867f-10716bc168c2,11/15/2015,,,
36751185-d6cd-4990-8ca8-597f9e1162b7,04a0aad1-af2b-4a2a-92e0-a811946ece0c,1/27/2016,,,
eb7aa509-1d0e-4139-960a-463c529f94a5,2a1a8d1d-8123-49ae-8adc-34318b7d4f5e,10/6/2015,,,
77ba98aa-4c35-41a6-9aec-d43518632711,0c56f782-c900-4335-81d8-78197e611041,12/21/2015,,,
50720b13-9bb0-493a-baa8-ac1165ef951a,cb779c58-4538-4efd-aefe-efd63f98a1b4,7/14/2015,,,
6dc86569-591b-4b31-adfe-4ba3c87cb5e8,3b6da08e-ba56-44c1-9930-00d084576355,12/28/2015,,,
442ccc7e-00e6-427c-a8ca-0c00fb705b18,700acc29-9651-4a7c-a0b4-1a1fb07e93a9,8/21/2015,,,
288aefb1-5510-4c84-873b-43fa38a11685,e0791417-9f1a-4909-9915-a02e8002d65b,8/25/2015,31ad2532-e1d6-45d4-bfcd-d1108cc1decc,10/3/2015,6513810e-59cb-4c5f-9c8e-5d3869723257
5f711721-e5cc-49ac-9c59-0bed7af0833f,6933121c-69dc-47be-aff2-a0762b81d451,12/31/2015,,,
008bc026-99ab-4604-9ec6-c332788b1e97,051a01ce-80a5-4b69-a885-c6f165468bd4,2/13/2016,,,
23d80551-94f6-4258-a86a-e628616357c0,8c1699ac-2d2e-4128-936d-c447d7f77cbb,12/1/2015,,,
186a16ea-e714-488d-9f46-9de865e8e19e,cb779c58-4538-4efd-aefe-efd63f98a1b4,7/16/2015,,,
bb9768d3-d029-4db8-9963-fd73eacc2aa1,051a01ce-80a5-4b69-a885-c6f165468bd4,8/23/2015,,,
81fd0498-9c47-4319-84a4-e60700267a7b,051a01ce-80a5-4b69-a885-c6f165468bd4,6/18/2016,,,
5dc33432-240e-464a-af7a-a7a9d29a219e,e0791417-9f1a-4909-9915-a02e8002d65b,1/20/2016,,,
aea5bc7a-e4a6-4720-ad01-71cafce6805d,24aced1a-4388-43fc-9f80-e1596f805e50,9/6/2015,,,
3de9b707-b019-414c-bc3b-124ed1d5cd6a,d0854743-acec-42dc-8ad7-4801bafa729d,5/21/2016,,,
21569f51-ba2a-4b1e-bdcc-5a619af4f506,8c1699ac-2d2e-4128-936d-c447d7f77cbb,6/15/2016,,,
2f831b37-835b-499c-b505-b45344ddff5c,700acc29-9651-4a7c-a0b4-1a1fb07e93a9,3/14/2016,,,
9edf836b-e849-4216-b3dc-0cd6564578d2,700acc29-9651-4a7c-a0b4-1a1fb07e93a9,10/12/2015,,,
ac483aa9-c4d8-4b79-b92a-fedbd4bae526,700acc29-9651-4a7c-a0b4-1a1fb07e93a9,4/27/2016,,,
b3ca5b50-92f9-47fc-bc4f-21bc7596f31d,9bd673f2-1f8b-4a69-957b-2e135b5de64f,1/9/2016,,,
b6d1b8be-6e1d-4a7c-b9d8-255c506baa79,0c56f782-c900-4335-81d8-78197e611041,10/27/2015,46466945-9f98-4404-b647-36cb80ddf9a6,3/14/2016,9680f682-0e02-47ec-b5c6-e6db7d286dc6
9878182c-fb43-47de-be1c-0cbcc8d2fb7c,04a0aad1-af2b-4a2a-92e0-a811946ece0c,11/28/2015,,,
da1a5e5c-4e16-47de-a632-4422cec7a822,04a0aad1-af2b-4a2a-92e0-a811946ece0c,2/8/2016,,,
dfb0084e-9711-468b-b134-ea6ea6740d81,9bd673f2-1f8b-4a69-957b-2e135b5de64f,8/30/2015,,,
654be431-75a8-44e9-938d-30e3ffeedae6,d0854743-acec-42dc-8ad7-4801bafa729d,4/17/2016,,,
2ebc9839-46e0-4885-9578-bbf2771d51c4,8c1699ac-2d2e-4128-936d-c447d7f77cbb,2/1/2016,,,
ae8d9362-a91f-409a-ab6a-b94152e47000,cb779c58-4538-4efd-aefe-efd63f98a1b4,12/20/2015,,,
b9b9a55f-936a-45f5-8403-5f2fb86ac3c7,04a0aad1-af2b-4a2a-92e0-a811946ece0c,6/17/2016,,,
52e1996d-45ad-4530-ab4a-a90dcfcbf841,051a01ce-80a5-4b69-a885-c6f165468bd4,9/28/2015,,,
ddd4d30f-38ff-49d2-8963-b507819eecbc,26f80174-43b4-47ef-8a59-19795a078903,8/27/2015,,,
7d27f3ef-1c7c-4036-ab3d-d59fc4f8d106,3b6da08e-ba56-44c1-9930-00d084576355,3/27/2016,23ab7f8a-0367-4fd7-a3c6-03e9e71b6c9c,8/21/2015,bd6e5df4-84ca-449e-856f-006da43e2ef2
6c08a2a5-d099-4ee3-b572-82a115363cdc,9bd673f2-1f8b-4a69-957b-2e135b5de64f,10/21/2015,,,
1a0b377c-f5ac-48c8-b4ce-49ace1eeeb45,cb779c58-4538-4efd-aefe-efd63f98a1b4,4/30/2016,,,
c36349b8-f09b-49d5-b4f4-cb96874cfd05,051a01ce-80a5-4b69-a885-c6f165468bd4,9/29/2015,,,
22646c33-4853-470e-a110-2f1f08f4e3dc,1abeb3cd-8da8-4cc3-867f-10716bc168c2,11/4/2015,b5103ba0-e963-4d41-a8dc-14661b18f42b,11/30/2015,6dda7871-395f-4d2c-8ab3-acf769b74d91
9b97e1a4-cd25-4c5b-a5af-78d22e50aee2,6933121c-69dc-47be-aff2-a0762b81d451,11/7/2015,,,
2af21219-230b-411a-8d69-0b300f2cae00,700acc29-9651-4a7c-a0b4-1a1fb07e93a9,7/6/2015,,,
58c1f5ac-9098-4cf8-b7a0-4c27c99e9b84,cb779c58-4538-4efd-aefe-efd63f98a1b4,1/25/2016,,,
8de9a3aa-47d9-4161-b037-9de0996011f2,700acc29-9651-4a7c-a0b4-1a1fb07e93a9,2/19/2016,,,
987cc03f-6e2f-4fea-af21-fcbf88a98992,2a1a8d1d-8123-49ae-8adc-34318b7d4f5e,3/7/2016,,,
a38bac66-e5d0-4b8e-9bc2-de98a900a341,24aced1a-4388-43fc-9f80-e1596f805e50,1/7/2016,,,
970a38b5-6eef-4179-ae7e-e94b0e5ea651,e0791417-9f1a-4909-9915-a02e8002d65b,12/2/2015,,,
ae6adad1-4f0e-4fed-9505-ece6849558be,8c1699ac-2d2e-4128-936d-c447d7f77cbb,11/1/2015,,,
90e2873e-6ee1-476a-926f-9236ce3ebb19,26f80174-43b4-47ef-8a59-19795a078903,11/21/2015,,,
85cf6f1a-bdc8-4d08-be4e-fa4248be372e,d0854743-acec-42dc-8ad7-4801bafa729d,12/10/2015,,,
f57ad297-e5d0-4762-9118-b2b46ef45e0b,d0854743-acec-42dc-8ad7-4801bafa729d,6/16/2016,,,
bfdd7567-3082-443f-b916-0f82af480feb,0c0a2f66-a936-4741-bbe2-f43ad794e040,5/30/2016,,,
6262f99c-3aee-4f2d-86b0-6ab958dbd6b5,051a01ce-80a5-4b69-a885-c6f165468bd4,5/21/2016,cd8b9dc5-e5b0-4bae-81c6-135eb4731d2c,9/10/2015,b192bdb6-ecfb-40d8-aa75-94ebd9222ac0
3c538fbe-84f2-4834-b703-131ac080b4f3,04a0aad1-af2b-4a2a-92e0-a811946ece0c,2/5/2016,,,
21c57c59-46dd-4e94-86fc-c4571fa32c2f,9bd673f2-1f8b-4a69-957b-2e135b5de64f,6/2/2016,,,
b255bda1-b96d-4a8b-9b4e-8c7e770ef752,2a1a8d1d-8123-49ae-8adc-34318b7d4f5e,3/1/2016,,,
b453373f-d212-4569-9bb7-17400119e5ab,cb779c58-4538-4efd-aefe-efd63f98a1b4,4/27/2016,,,
ff0170ea-95ce-430b-acbb-bd553d206af2,051a01ce-80a5-4b69-a885-c6f165468bd4,3/30/2016,,,
4b001cb3-53d5-4c7d-ba13-25752dadff8e,96713995-3efa-43e5-b910-48a2d1273e1b,1/5/2016,,,
94a14c65-3b0b-4217-851e-017ea54fa8ed,04a0aad1-af2b-4a2a-92e0-a811946ece0c,11/25/2015,,,
991d033c-e74d-4f54-b97f-44b6966b571f,e0791417-9f1a-4909-9915-a02e8002d65b,8/22/2015,,,
22e7c420-a544-4991-b3fb-48760f3daaeb,0c0a2f66-a936-4741-bbe2-f43ad794e040,2/12/2016,,,
2acd0f52-09ad-478e-ac35-199acf3e7c43,8c1699ac-2d2e-4128-936d-c447d7f77cbb,3/22/2016,,,
b03e0421-ac44-44b2-bd5b-1ad19bd4ddec,2a1a8d1d-8123-49ae-8adc-34318b7d4f5e,10/26/2015,,,
ec7f2d89-0921-4dcb-b9bc-80d719964b5a,700acc29-9651-4a7c-a0b4-1a1fb07e93a9,3/4/2016,,,
ffb2da57-684f-48d8-814f-b59f85eec63b,8c1699ac-2d2e-4128-936d-c447d7f77cbb,12/23/2015,,,
543eef6c-aa0f-4c56-8edf-50823464ae4f,96713995-3efa-43e5-b910-48a2d1273e1b,1/7/2016,,,
e1e99758-f5c8-4762-aac2-2121c9dfb49f,0c0a2f66-a936-4741-bbe2-f43ad794e040,3/15/2016,,,
6eda905c-d2ca-44cd-b8e3-5e2fee3ad380,051a01ce-80a5-4b69-a885-c6f165468bd4,10/1/2015,,,
3f7fe54d-36e5-4500-86aa-d95ac4556861,9bd673f2-1f8b-4a69-957b-2e135b5de64f,4/24/2016,,,
ec74554a-9939-4743-9939-d03afac63fe1,6933121c-69dc-47be-aff2-a0762b81d451,11/15/2015,,,
fc2ca2fc-e1e1-4fd5-8ae6-0fa442118492,96713995-3efa-43e5-b910-48a2d1273e1b,11/22/2015,,,
c68ff29d-59d6-4e0f-9aeb-ffeca18aaf9b,24aced1a-4388-43fc-9f80-e1596f805e50,1/22/2016,,,
0c58452c-cfc3-4a21-8f2e-298fc78e50d7,2a1a8d1d-8123-49ae-8adc-34318b7d4f5e,4/1/2016,,,
246cd21b-9558-402b-ade1-7ce131f5fd27,1abeb3cd-8da8-4cc3-867f-10716bc168c2,3/18/2016,,,
9633d973-d425-4c0a-80ea-4502649d8f69,d0854743-acec-42dc-8ad7-4801bafa729d,8/22/2015,2c69907a-8279-46c3-9355-e2bf2bfede30,12/10/2015,30373982-3133-4684-ad4d-204128aa5c58
2a32dd8e-09fb-4563-aae9-bff51dd7bc62,3b6da08e-ba56-44c1-9930-00d084576355,5/18/2016,,,
cca8e35e-7372-4dd1-a47f-064951c0baec,952cfb6b-82db-4895-8072-1d949662f99d,10/17/2015,,,
9adc8c8f-9ead-4e09-9cc7-72ecb1fbf419,24aced1a-4388-43fc-9f80-e1596f805e50,7/13/2015,,,
f48af0bd-92b3-4471-8676-a86be2d65619,952cfb6b-82db-4895-8072-1d949662f99d,1/17/2016,,,
b55151fb-db78-4603-ac57-8b9383625046,24aced1a-4388-43fc-9f80-e1596f805e50,11/25/2015,,,
5f261918-54a9-4060-95bb-6338e863c764,8c1699ac-2d2e-4128-936d-c447d7f77cbb,11/24/2015,,,
fd92f8d5-977c-4628-aa35-339220e358ca,96713995-3efa-43e5-b910-48a2d1273e1b,4/3/2016,,,
48746528-dfa2-405a-9221-2ae8e8a623f2,cb779c58-4538-4efd-aefe-efd63f98a1b4,12/22/2015,,,
5413e51c-6328-4c1e-bef4-f31057b9c111,8c1699ac-2d2e-4128-936d-c447d7f77cbb,5/9/2016,,,
86d625e5-a3ab-42ec-9025-21f1758fe7fb,051a01ce-80a5-4b69-a885-c6f165468bd4,1/22/2016,e2b5589e-a570-4ca6-b82a-c77e6d8e09c4,8/7/2015,54291c82-e223-4ab3-9b42-79d2ef808e67
d4d2f08d-44e7-4cbe-abdf-139c1e772bf1,42a7049c-17eb-4a35-b4d4-c0f562fff223,3/17/2016,,,
5de76bfb-bd3a-4fc7-88e1-7dfd7c545212,6933121c-69dc-47be-aff2-a0762b81d451,9/9/2015,,,
9ee762a6-4b73-449a-932b-c0dc214f976f,04a0aad1-af2b-4a2a-92e0-a811946ece0c,5/21/2016,,,
badd5e8c-99d6-4647-8fb6-f82893c5443b,42a7049c-17eb-4a35-b4d4-c0f562fff223,7/3/2015,47947563-aa16-49bd-8c99-4ce387017ab9,11/7/2015,39fd2b44-f013-4ef8-b83f-dc1f550ab20f
36f445f3-794c-4398-a36d-52840f86b14b,2a1a8d1d-8123-49ae-8adc-34318b7d4f5e,11/25/2015,762ccb3d-7b2a-403f-983f-bd509475b0c3,11/4/2015,68f5d4c9-c516-41cf-bd08-5e79ccf5005b
757c636a-bdf2-4f3d-b42c-292bfebed717,96713995-3efa-43e5-b910-48a2d1273e1b,6/16/2016,23e2d972-76e8-4bae-9093-f9e7316968cd,3/26/2016,85fa4b37-d4af-4185-8947-498fe5c6ba14
94eeabdb-fab3-4064-b6f8-70217e1fc48b,96713995-3efa-43e5-b910-48a2d1273e1b,3/18/2016,,,
940a27f8-ca48-4ed8-9a2c-a6573a1ec93a,1abeb3cd-8da8-4cc3-867f-10716bc168c2,6/2/2016,,,
ead33163-b017-41ec-8d0a-8f7ebd4dc7a2,1abeb3cd-8da8-4cc3-867f-10716bc168c2,5/23/2016,,,
040f8f4a-aff3-4bb8-b284-cb8d400cc62e,96713995-3efa-43e5-b910-48a2d1273e1b,2/18/2016,,,
0c8dbe25-ff59-46d7-a7a2-b474fa0d728e,d0854743-acec-42dc-8ad7-4801bafa729d,7/30/2015,1f60730b-407e-49a4-8639-b3ebd0ae2c73,12/16/2015,ae594114-b5b5-4aa7-8bdb-44c4561d3372
2fb70750-8a1c-4fd8-9ae6-e4c120227760,cb779c58-4538-4efd-aefe-efd63f98a1b4,2/22/2016,,,
d3e846aa-cc75-46ee-9c1f-c981c46c76d1,0c56f782-c900-4335-81d8-78197e611041,8/24/2015,,,
b4e5c968-80ed-4bde-98a8-327147b6667f,d0854743-acec-42dc-8ad7-4801bafa729d,9/5/2015,,,
bdb8660f-8907-46fb-ad6d-fcb0e640269d,6933121c-69dc-47be-aff2-a0762b81d451,5/14/2016,,,
5e85d5e5-20f6-4a4a-8700-dd0342487737,2a1a8d1d-8123-49ae-8adc-34318b7d4f5e,3/3/2016,,,
43b779b4-2f29-4c8b-8dc3-69e1ac64762e,700acc29-9651-4a7c-a0b4-1a1fb07e93a9,2/29/2016,,,
b153fc22-bd6d-46fc-8cb2-06008e265a56,0c56f782-c900-4335-81d8-78197e611041,12/12/2015,,,
5a6dc88c-c335-48ff-8f90-6e34175e85bf,d0854743-acec-42dc-8ad7-4801bafa729d,7/24/2015,,,
507c38a8-6d71-44d6-ad95-6fa6ecec10b5,e0791417-9f1a-4909-9915-a02e8002d65b,11/29/2015,,,
6e979a91-a794-4abf-8a23-c3ea281388af,051a01ce-80a5-4b69-a885-c6f165468bd4,10/11/2015,,,
8428207b-3720-49f1-8d27-ed43552f8651,8c1699ac-2d2e-4128-936d-c447d7f77cbb,5/20/2016,,,
1ac3aa55-9f28-48f5-8cfb-f64e549e0ed9,3b6da08e-ba56-44c1-9930-00d084576355,4/14/2016,1853149b-7a99-4e03-8f64-146dce8b1b18,5/26/2016,a2b29208-9a59-4789-91c9-6c758c66f005
05574ab2-4fcc-44a9-b9d6-3b64be961383,04a0aad1-af2b-4a2a-92e0-a811946ece0c,6/11/2016,,,
e07431d9-93f7-4bac-a0ed-f820bdc51f14,6933121c-69dc-47be-aff2-a0762b81d451,10/29/2015,,,
2b6ac22c-c542-4193-a4d3-40cdf75bad2b,2a1a8d1d-8123-49ae-8adc-34318b7d4f5e,10/11/2015,,,
7ab84382-752a-4526-8704-ade8750424c0,9bd673f2-1f8b-4a69-957b-2e135b5de64f,4/15/2016,,,
5684e7f2-4494-434a-9924-a145fc3976fd,04a0aad1-af2b-4a2a-92e0-a811946ece0c,9/8/2015,,,
056fa319-ee4d-496c-b357-c68ff5001d8b,26f80174-43b4-47ef-8a59-19795a078903,3/24/2016,,,
32b75d79-1f3e-41b7-a821-848bdf0cdf03,3b6da08e-ba56-44c1-9930-00d084576355,7/12/2015,,,
304402c0-d1e5-458d-8669-f238344f58f8,cb779c58-4538-4efd-aefe-efd63f98a1b4,10/11/2015,,,
2cf817f0-69a8-4f3f-b2ca-8776ef41b1a2,d0854743-acec-42dc-8ad7-4801bafa729d,8/29/2015,,,
41774963-c344-4fff-829a-359012c6ee74,700acc29-9651-4a7c-a0b4-1a1fb07e93a9,2/26/2016,,,
e07e7b81-caa2-4226-8879-2d8f413b955d,051a01ce-80a5-4b69-a885-c6f165468bd4,9/21/2015,,,
a911b5d1-32fc-4669-aeb6-8c35e0f0fa71,0c0a2f66-a936-4741-bbe2-f43ad794e040,12/25/2015,,,
1ac94894-a45d-46fa-a8f7-b37766fe4eb4,cb779c58-4538-4efd-aefe-efd63f98a1b4,12/23/2015,,,
3dbda470-f328-4a6f-82e2-461ba12f6c4f,6933121c-69dc-47be-aff2-a0762b81d451,7/28/2015,,,
ce3daf6c-b1c5-4a80-8c1e-d508033d5616,8c1699ac-2d2e-4128-936d-c447d7f77cbb,4/18/2016,,,
0e937b69-a054-4a24-8aa6-b7b9b98ec764,8c1699ac-2d2e-4128-936d-c447d7f77cbb,5/9/2016,,,
822a5066-17ae-4b67-9703-1cd39d5aa777,3b6da08e-ba56-44c1-9930-00d084576355,7/1/2015,,,
691bd285-42e1-4768-a5a7-de4b7ac480f1,04a0aad1-af2b-4a2a-92e0-a811946ece0c,10/2/2015,,,
12dcfac8-89a4-4161-aa95-13151027875a,cb779c58-4538-4efd-aefe-efd63f98a1b4,7/20/2015,,,
959141ff-260e-43f3-a26c-2f245184da16,0c0a2f66-a936-4741-bbe2-f43ad794e040,5/31/2016,7b09f2f9-ac7e-4693-b881-bb25b4a4fb7b,12/27/2015,1a1e0a07-6f12-44e7-bd92-7ea26a60a363
ff54efad-1888-49bb-852f-aa54d476c30f,9bd673f2-1f8b-4a69-957b-2e135b5de64f,1/9/2016,1a1e0a07-6f12-44e7-bd92-7ea26a60a363,6/7/2016,8b3af72e-84a2-43f2-8e92-c5c63956a69e
8d11906b-546d-4536-8e07-7fc222405dd5,3b6da08e-ba56-44c1-9930-00d084576355,3/20/2016,,,
a5c30527-9f4f-4cd0-9789-45e28562d09e,d0854743-acec-42dc-8ad7-4801bafa729d,1/17/2016,,,
9b71e26a-3ca4-443a-aeb8-d7004144c3ad,0c0a2f66-a936-4741-bbe2-f43ad794e040,6/22/2016,96510ee1-062c-4a3c-ac64-ba4970d8fbbc,5/9/2016,2a40d98b-3686-4e20-a851-a45f642b35ae
947af586-217f-4cfc-ac80-6c9d1ccc8715,3b6da08e-ba56-44c1-9930-00d084576355,12/29/2015,,,
c8a247d8-b783-49e7-ac08-a84beebae52a,051a01ce-80a5-4b69-a885-c6f165468bd4,5/3/2016,,,
f6164b08-6ea0-4ac5-ba46-2186634a7e9d,e0791417-9f1a-4909-9915-a02e8002d65b,7/1/2015,,,
7edfc4be-3792-4a24-96a4-575f3ec5bd4d,96713995-3efa-43e5-b910-48a2d1273e1b,2/21/2016,,,
9ef1dbeb-bf42-415c-85fa-fb1ab69888bb,2a1a8d1d-8123-49ae-8adc-34318b7d4f5e,10/4/2015,,,
24ee8e41-cfcd-4ed9-b048-ff55d927afb9,9bd673f2-1f8b-4a69-957b-2e135b5de64f,8/5/2015,,,
8fe362ce-af13-416d-8aaf-9059aedce7d1,0c56f782-c900-4335-81d8-78197e611041,12/28/2015,,,
3e705fe7-00a7-4eca-a337-3f72ec9bd11f,04a0aad1-af2b-4a2a-92e0-a811946ece0c,12/4/2015,3e7db54f-65e4-4b4f-bbc0-207ba0185d0e,12/14/2015,285f65de-bd9e-453f-99de-f89db0329b02
f9606b32-f0c2-4a37-9f47-20061c6fd018,04a0aad1-af2b-4a2a-92e0-a811946ece0c,9/17/2015,,,
7fa494cc-a706-4508-9e2b-8931562551c4,9bd673f2-1f8b-4a69-957b-2e135b5de64f,11/27/2015,9ff45ffa-cf04-44af-b3d9-02ecead11bf2,11/18/2015,b7af8486-5265-4bf0-8d45-aed271476bf6
ca3c2977-baa4-4f76-8f03-967a4746b140,26f80174-43b4-47ef-8a59-19795a078903,11/18/2015,,,
d7a578d8-9ead-4eb4-bd95-65453b26b4fd,0c56f782-c900-4335-81d8-78197e611041,8/5/2015,,,
30d890d9-ad89-4914-9ded-dbe690939f43,2a1a8d1d-8123-49ae-8adc-34318b7d4f5e,12/1/2015,,,
5d60a55e-e860-4671-93cc-953df767a58e,0c56f782-c900-4335-81d8-78197e611041,6/30/2015,,,
27216b27-67a7-4cf4-9797-8f20eb5505f9,051a01ce-80a5-4b69-a885-c6f165468bd4,5/18/2016,b783cdfb-1d74-45a4-a7be-50d4d5174897,5/13/2016,02086cd2-5a72-4ccb-9c05-6789bd306e0b
1982a413-d63c-47c2-bef9-7b54e99824f9,d0854743-acec-42dc-8ad7-4801bafa729d,3/31/2016,,,
b5ee360d-3ac2-4f2f-845d-c6439bb9eae4,e0791417-9f1a-4909-9915-a02e8002d65b,1/22/2016,,,
bb76c9fd-045d-4f22-a576-7c6233b51711,2a1a8d1d-8123-49ae-8adc-34318b7d4f5e,6/17/2016,,,
8095d909-1bfc-4121-9dca-84a50e429b13,9bd673f2-1f8b-4a69-957b-2e135b5de64f,7/29/2015,,,
7c1ada73-4c74-4b8a-aff2-d742af9e1e70,6933121c-69dc-47be-aff2-a0762b81d451,6/22/2016,,,
a9a8d6be-0fe6-4d5e-96c6-998b45063852,24aced1a-4388-43fc-9f80-e1596f805e50,4/29/2016,,,
c33ba76a-a6e8-425e-b8dc-d07d87281ed2,0c0a2f66-a936-4741-bbe2-f43ad794e040,4/19/2016,,,
480f995e-8625-4dc0-8cff-dfccf202502f,42a7049c-17eb-4a35-b4d4-c0f562fff223,12/11/2015,,,
4323d564-30d6-455e-a1f8-b56e6511d249,8c1699ac-2d2e-4128-936d-c447d7f77cbb,5/7/2016,,,
c993f81f-61ae-4f67-9ebd-ad146e75a1b2,e0791417-9f1a-4909-9915-a02e8002d65b,9/4/2015,,,
99b39f6f-2605-4419-8d29-931e151465b3,700acc29-9651-4a7c-a0b4-1a1fb07e93a9,3/1/2016,,,
641c6b43-c82c-4e0c-a5c9-1b8d7d40b023,26f80174-43b4-47ef-8a59-19795a078903,2/26/2016,,,
e1b00d71-9a22-4d50-a0e5-e492cfe8fcc8,96713995-3efa-43e5-b910-48a2d1273e1b,6/26/2016,,,
5271e108-cfef-47c3-a9f9-5951702c0e57,0c0a2f66-a936-4741-bbe2-f43ad794e040,5/3/2016,,,
d2cef08d-12e4-469b-a55d-5dc2a7428c7b,96713995-3efa-43e5-b910-48a2d1273e1b,1/16/2016,,,
57ce3fee-a8a3-4d05-b4ce-c392a56bdcd5,8c1699ac-2d2e-4128-936d-c447d7f77cbb,4/25/2016,,,
5987fd18-28d6-47c5-ab57-b27df20012e7,1abeb3cd-8da8-4cc3-867f-10716bc168c2,9/27/2015,,,
86c05221-f1d0-4e60-8e71-53421ff5ffcf,6933121c-69dc-47be-aff2-a0762b81d451,10/11/2015,,,
645b1409-1855-4a7c-9022-f18d7907969d,1abeb3cd-8da8-4cc3-867f-10716bc168c2,10/20/2015,,,
36264082-024c-4fc0-86da-c6d0eb2f3be4,6933121c-69dc-47be-aff2-a0762b81d451,12/3/2015,,,
ac3a34bb-9fc4-4197-8a35-a9ff961e612e,051a01ce-80a5-4b69-a885-c6f165468bd4,7/6/2015,,,
d93c63ce-add9-4622-8d69-d5a96f045836,051a01ce-80a5-4b69-a885-c6f165468bd4,12/9/2015,,,
f36b2a62-bc6d-40b8-bafa-e0460de5496e,cb779c58-4538-4efd-aefe-efd63f98a1b4,1/21/2016,,,
2afc549a-a9a8-45bd-8733-909b591e105c,04a0aad1-af2b-4a2a-92e0-a811946ece0c,10/3/2015,2ddf2315-a91d-4a72-9e47-c48e64af8146,3/15/2016,dc6abe2b-0661-40a9-b040-e1f1001dbaa0
2ef38f4a-bd7c-433e-b573-c45f7a73dde5,6933121c-69dc-47be-aff2-a0762b81d451,11/16/2015,,,
994a5f41-1b13-4726-b237-fc655938020d,42a7049c-17eb-4a35-b4d4-c0f562fff223,9/2/2015,,,
ef2955bd-26b6-4c40-8d5a-755726489c62,8c1699ac-2d2e-4128-936d-c447d7f77cbb,12/13/2015,,,
68a8b4df-a299-41ce-8499-af314324e796,952cfb6b-82db-4895-8072-1d949662f99d,8/6/2015,,,
f0c947cc-edf9-4847-a5a6-ad50d7fb4716,3b6da08e-ba56-44c1-9930-00d084576355,2/27/2016,,,
eac79847-affb-422b-9ade-85c9ccf66a8a,96713995-3efa-43e5-b910-48a2d1273e1b,6/16/2016,08418873-2754-4112-aa82-82a3dde0db3f,4/18/2016,6061d4c2-8e91-4efc-b1a1-47b94bfb38bb
3e3a9992-eb30-4350-bcd6-7a10ad120c66,8c1699ac-2d2e-4128-936d-c447d7f77cbb,11/14/2015,,,
6b0326cc-5f7a-4ec5-bec3-1c28d0ce9de7,04a0aad1-af2b-4a2a-92e0-a811946ece0c,5/1/2016,,,
30f60286-6a73-437d-8f05-13ff3ded6df5,e0791417-9f1a-4909-9915-a02e8002d65b,8/3/2015,,,
a9e00762-975b-4ab5-9a92-36904ced314c,051a01ce-80a5-4b69-a885-c6f165468bd4,3/5/2016,,,
28206d36-5b90-4ee2-8a08-44b3c84dee2c,cb779c58-4538-4efd-aefe-efd63f98a1b4,11/1/2015,90753af5-5ff8-4bfe-a427-b8f928754215,2/9/2016,29acee42-c099-4a65-92f4-54c0f157061f
871ffe56-3f73-40a8-86bc-33a199639daf,3b6da08e-ba56-44c1-9930-00d084576355,4/2/2016,85fa4b37-d4af-4185-8947-498fe5c6ba14,12/26/2015,1dd6cfe3-3c78-4021-acd4-a169e0f0ecbb
4ae4bef6-d9d6-4df2-9c35-f53bc0dfa942,04a0aad1-af2b-4a2a-92e0-a811946ece0c,7/16/2015,82e0f062-43bd-4db7-8533-092ba66c7e34,9/21/2015,ebb51563-fd5e-4f4c-a05c-764b2ded3ab2
65bd3178-9cf7-4518-bbe1-445aa97b197c,cb779c58-4538-4efd-aefe-efd63f98a1b4,1/11/2016,,,
7c9f1b0a-38f0-42f6-875c-123ae27d602a,96713995-3efa-43e5-b910-48a2d1273e1b,8/21/2015,,,
9f947a37-2603-4ed0-9fd8-55c215b164b4,26f80174-43b4-47ef-8a59-19795a078903,6/15/2016,,,
aecb982c-6386-4e94-b32f-d97a3909e3e1,04a0aad1-af2b-4a2a-92e0-a811946ece0c,5/12/2016,,,
488370f7-1f37-4f5f-afe8-807455ac4c22,952cfb6b-82db-4895-8072-1d949662f99d,10/3/2015,,,
4b684fd1-6536-4ea0-a089-2e517145d3c2,04a0aad1-af2b-4a2a-92e0-a811946ece0c,12/12/2015,,,
f67b2183-9a13-4413-bb3a-5bfd39f77d44,1abeb3cd-8da8-4cc3-867f-10716bc168c2,8/30/2015,aa9b0564-ac48-4542-ad01-15fcfddcbc5f,2/14/2016,58ec9cde-2058-4bd5-a177-191ac0d24894
4756ba5d-79b1-40f5-b553-f51a63944e8b,952cfb6b-82db-4895-8072-1d949662f99d,4/5/2016,,,
cb7180f4-8a70-40d6-a85e-20851cece92e,952cfb6b-82db-4895-8072-1d949662f99d,8/22/2015,,,
bde55a71-60a2-40cf-ab09-ca785dfaa100,24aced1a-4388-43fc-9f80-e1596f805e50,9/23/2015,,,
c879e6f7-de47-4fd3-8fe7-a48c40c227be,952cfb6b-82db-4895-8072-1d949662f99d,3/21/2016,,,
40b91c12-9936-4d12-b2cf-f5320a0c05a1,8c1699ac-2d2e-4128-936d-c447d7f77cbb,12/13/2015,,,
44e03951-abad-45c4-958b-16dcedcdb20f,d0854743-acec-42dc-8ad7-4801bafa729d,4/23/2016,,,
227854e8-236e-47d9-bd5e-d02935a57a95,96713995-3efa-43e5-b910-48a2d1273e1b,1/20/2016,8fea52c3-2c9a-4d47-948c-b7eb07064b8a,8/7/2015,5eb26c9f-ebfb-49a0-8bfa-8e4af26c812e
169d01ad-3880-402c-aa39-f8b88f997d48,d0854743-acec-42dc-8ad7-4801bafa729d,1/20/2016,,,
a1677e4e-fa5a-4c03-ac28-2febe763a6a3,cb779c58-4538-4efd-aefe-efd63f98a1b4,11/4/2015,,,
caca99dc-a3c8-4062-a2db-6057c79666c0,1abeb3cd-8da8-4cc3-867f-10716bc168c2,10/14/2015,,,
b86b03ef-bb75-406b-b671-72158984a522,8c1699ac-2d2e-4128-936d-c447d7f77cbb,3/3/2016,,,
54825e7d-84f1-42cb-9c41-a344541faf57,0c0a2f66-a936-4741-bbe2-f43ad794e040,9/11/2015,,,
16033442-4890-4fff-a078-e191b335efa0,6933121c-69dc-47be-aff2-a0762b81d451,4/21/2016,,,
7d931239-6d91-4d79-8119-858b7e6ca43e,952cfb6b-82db-4895-8072-1d949662f99d,1/24/2016,,,
6f6217c6-c303-4025-bfab-1b97f4174200,700acc29-9651-4a7c-a0b4-1a1fb07e93a9,9/17/2015,,,
7c7aa2ee-7ac4-47ff-8fac-69f380143718,9bd673f2-1f8b-4a69-957b-2e135b5de64f,9/7/2015,,,
58dd46f4-f2b6-4c65-bacb-a44cafd07e63,952cfb6b-82db-4895-8072-1d949662f99d,11/6/2015,,,
2bf363ba-0161-4954-9fe6-32db133ec913,1abeb3cd-8da8-4cc3-867f-10716bc168c2,10/24/2015,,,
5f71669f-5873-4f1e-8510-d00f34b5d7f3,1abeb3cd-8da8-4cc3-867f-10716bc168c2,7/11/2015,,,
8f577e77-3445-420c-ab38-795ba0fc351b,1abeb3cd-8da8-4cc3-867f-10716bc168c2,12/21/2015,,,
514ab8b6-8248-4cec-9267-eaefb2e391af,e0791417-9f1a-4909-9915-a02e8002d65b,7/13/2015,99ae77fe-40d9-4e66-8382-256249eb4544,5/17/2016,61389b61-f28c-48b9-b557-ba1d70b203d3
6e2d9dc7-6b73-4d4a-ab1b-f0abb89f509f,8c1699ac-2d2e-4128-936d-c447d7f77cbb,7/15/2015,055a316f-7d02-4e55-8fc1-c90617de222f,4/19/2016,84060507-b274-48cf-91e3-9195b3f5a97e
f9e4850e-a092-4071-8532-9449b9c5997b,96713995-3efa-43e5-b910-48a2d1273e1b,6/22/2016,,,
e7c6d2d7-3d34-4312-96f3-9d823e961e9b,cb779c58-4538-4efd-aefe-efd63f98a1b4,6/10/2016,,,
0a337c64-dac8-420a-8dfb-efe8bf58f462,0c56f782-c900-4335-81d8-78197e611041,9/10/2015,,,
24e3485f-fa43-4e0d-b869-ade9729d7836,1abeb3cd-8da8-4cc3-867f-10716bc168c2,12/31/2015,,,
2ea55340-48e6-47e7-b9eb-e4454ee3a5d4,6933121c-69dc-47be-aff2-a0762b81d451,2/5/2016,,,
daed6127-191e-4a13-86ad-54cc99c5ca8b,42a7049c-17eb-4a35-b4d4-c0f562fff223,8/7/2015,,,
4d8cc6dd-a3f4-4dfc-9b1d-0ef29f8b43ed,04a0aad1-af2b-4a2a-92e0-a811946ece0c,5/23/2016,,,
f7dce85c-4635-42d7-9756-13ce3a2e5609,9bd673f2-1f8b-4a69-957b-2e135b5de64f,10/26/2015,,,
60e752a6-91e0-4dc0-b729-3c611995af41,42a7049c-17eb-4a35-b4d4-c0f562fff223,8/26/2015,9112344a-8044-4736-9452-62f30c5e9c09,10/2/2015,c2410afb-6d6e-46a5-9dce-3a834a76e891
4ec41a74-e985-43e7-8ecd-7f87415e2e51,26f80174-43b4-47ef-8a59-19795a078903,9/30/2015,,,
1591c48e-2def-4aa2-b689-b056e953ff84,24aced1a-4388-43fc-9f80-e1596f805e50,9/6/2015,,,
4660dfe7-9e1e-41a6-948e-ca790ef30f04,6933121c-69dc-47be-aff2-a0762b81d451,8/28/2015,,,
f7f504f7-3b9b-4290-af55-1d15b9851009,0c0a2f66-a936-4741-bbe2-f43ad794e040,10/3/2015,01486df1-22f5-4f57-8bc6-527a8b4daf84,1/7/2016,d54437b8-245a-4c99-9a59-b3072bab8d8c
b17d46b6-a8e3-41c8-a1d2-9d48f650df48,0c56f782-c900-4335-81d8-78197e611041,3/23/2016,,,
aae1317a-49dd-4990-aa04-065e3b5f9cb7,96713995-3efa-43e5-b910-48a2d1273e1b,8/16/2015,,,
0ae78913-4a13-4cdb-9694-9951e09eb1cd,0c0a2f66-a936-4741-bbe2-f43ad794e040,10/7/2015,,,
d14e3497-eaf2-448a-9a49-a6a920126048,952cfb6b-82db-4895-8072-1d949662f99d,9/11/2015,,,
d4734229-ca4f-4476-8e3f-f061d71704ed,6933121c-69dc-47be-aff2-a0762b81d451,10/30/2015,,,
6568f2de-db1a-4c61-b42d-8c0f45910f84,8c1699ac-2d2e-4128-936d-c447d7f77cbb,9/30/2015,,,
30b56817-65ac-4453-a900-fe5a0fb393d9,26f80174-43b4-47ef-8a59-19795a078903,1/26/2016,,,
9a360fba-86f6-4acb-9aa8-f0f37affb4fd,9bd673f2-1f8b-4a69-957b-2e135b5de64f,2/5/2016,,,
220ae4e5-1bbc-44b5-abaf-ffcc4a749b8e,0c56f782-c900-4335-81d8-78197e611041,2/1/2016,,,
1b61c731-237f-4663-b083-ea6de74a004f,24aced1a-4388-43fc-9f80-e1596f805e50,2/9/2016,,,
c605bd24-e04e-4dce-b17b-efd00f66e8bf,d0854743-acec-42dc-8ad7-4801bafa729d,3/29/2016,,,
8d8b514e-247d-4809-a3a0-5f3f53dbb9f8,6933121c-69dc-47be-aff2-a0762b81d451,7/4/2015,,,
451e60eb-c249-4ac6-ae73-cad428ca39aa,d0854743-acec-42dc-8ad7-4801bafa729d,9/19/2015,,,
eb88351e-0d89-4315-870b-cdc4ba0a00bf,9bd673f2-1f8b-4a69-957b-2e135b5de64f,3/21/2016,,,
19ea1916-7891-4254-9e75-7dd26548dd85,cb779c58-4538-4efd-aefe-efd63f98a1b4,4/21/2016,,,
fa13ca6d-d611-4d23-810e-4fff48c4c402,2a1a8d1d-8123-49ae-8adc-34318b7d4f5e,9/16/2015,,,
76ee6361-cfef-4f48-a4cf-8a4bcc187b52,952cfb6b-82db-4895-8072-1d949662f99d,5/26/2016,,,
add59d19-90c4-454d-aa2f-79234d913291,96713995-3efa-43e5-b910-48a2d1273e1b,9/5/2015,,,
0cfe5f8c-cff1-42e6-a08b-328a1783827b,04a0aad1-af2b-4a2a-92e0-a811946ece0c,7/31/2015,,,
340fc4f5-3863-4a66-b3ce-2aec36ed12cc,1abeb3cd-8da8-4cc3-867f-10716bc168c2,4/19/2016,,,
dcb855da-a62f-49a1-a61a-43b800c322ec,24aced1a-4388-43fc-9f80-e1596f805e50,2/21/2016,,,
3b9c555b-861a-4272-b365-118d366b6b68,42a7049c-17eb-4a35-b4d4-c0f562fff223,11/14/2015,,,
2f06b1eb-2ed1-4baf-8577-de0482747837,24aced1a-4388-43fc-9f80-e1596f805e50,1/17/2016,38436fc0-aaa3-4e0b-a8b6-2cc742ebeac4,8/18/2015,801bc810-887d-444c-ad40-c4e9789ec619
11bf413a-019b-4a73-b851-adf37ffd8f4d,2a1a8d1d-8123-49ae-8adc-34318b7d4f5e,11/9/2015,,,
4b24285d-87d3-4112-96e2-140b3a3d87f7,952cfb6b-82db-4895-8072-1d949662f99d,12/1/2015,ba07cb47-3372-4cb5-b7a8-4b4b9d7c6780,5/8/2016,8e62cc17-700c-4646-9c45-7a11f195d150
f0eb6b83-caea-4d4b-a078-00df4ace5421,700acc29-9651-4a7c-a0b4-1a1fb07e93a9,3/15/2016,,,
40eabdd4-136e-4050-9858-ab9c11f22c23,d0854743-acec-42dc-8ad7-4801bafa729d,9/21/2015,,,
f3add87f-ba51-4aa2-9e5d-e9a48bc608ec,952cfb6b-82db-4895-8072-1d949662f99d,2/4/2016,,,
aa81dea0-ed7b-496b-897f-ac18daaa61dc,8c1699ac-2d2e-4128-936d-c447d7f77cbb,3/21/2016,ef934287-bd26-4602-bb43-6a5cbbc9cc8f,9/25/2015,f1ef90a3-65ba-4697-9cc5-9b6015cdc7b0
a0d95430-c32e-4533-81df-2f3b8b80f0ab,d0854743-acec-42dc-8ad7-4801bafa729d,12/23/2015,,,
3293c37c-036a-48ed-8efb-41ed67ab9161,26f80174-43b4-47ef-8a59-19795a078903,7/4/2015,17042285-d761-4b0d-bb67-a7e0a3e307f2,6/10/2016,6c8e55f3-156b-4cb0-8086-8bf14e8c01a7
cb76e461-73ff-4807-8646-6a5c0d0e9fa0,9bd673f2-1f8b-4a69-957b-2e135b5de64f,11/2/2015,,,
37b33ed0-767d-4162-986f-7875cfff0ffc,0c56f782-c900-4335-81d8-78197e611041,5/5/2016,,,
1f9aaaca-da46-48bf-8b9e-04f50d5ddbb6,24aced1a-4388-43fc-9f80-e1596f805e50,8/11/2015,,,
673fecb3-ba05-4a1e-9ca9-05e1814f8647,0c56f782-c900-4335-81d8-78197e611041,2/7/2016,,,
f6a6eb65-cd1c-4cf9-89ae-a2cc81b1c264,96713995-3efa-43e5-b910-48a2d1273e1b,9/22/2015,,,
4e22cc93-bc83-4c8a-a748-bf9230596e4b,6933121c-69dc-47be-aff2-a0762b81d451,8/5/2015,,,
c9c9a3c6-5ac1-4928-a418-69b27b88b460,8c1699ac-2d2e-4128-936d-c447d7f77cbb,12/26/2015,,,
a0e53c8b-5f63-4dc7-ab85-282e0c3ff6ed,26f80174-43b4-47ef-8a59-19795a078903,9/23/2015,,,
356ca750-044c-4a22-903d-3bf9e9cdbab3,2a1a8d1d-8123-49ae-8adc-34318b7d4f5e,2/13/2016,d63da536-9f70-4a7e-9373-2d63f9ea7659,5/28/2016,4868073b-ba73-4c14-862e-b06609daf3a5
d2cfcc16-d1e5-4759-a993-1a079a70adcd,8c1699ac-2d2e-4128-936d-c447d7f77cbb,10/2/2015,,,
20541553-f0f9-4a0b-af5f-cccdca34fc5d,26f80174-43b4-47ef-8a59-19795a078903,8/30/2015,,,
74fa3ba6-e1de-460a-a502-a1db7ec593cb,cb779c58-4538-4efd-aefe-efd63f98a1b4,10/13/2015,bdcee6b3-3e3b-40a6-ab05-ddfe41b59f2c,9/2/2015,73425000-72d7-4a0b-97d5-63c94eea47d5
2bcd07cf-7077-48c5-bca7-a82793863ea2,8c1699ac-2d2e-4128-936d-c447d7f77cbb,12/30/2015,,,
5ef81e4a-8d2d-4d25-a1e0-61c277572dc0,04a0aad1-af2b-4a2a-92e0-a811946ece0c,8/7/2015,,,
ecf5eedc-6c92-45e2-bf4e-7449af08d402,6933121c-69dc-47be-aff2-a0762b81d451,1/5/2016,,,
918e0bb0-37c9-4936-a742-d80142b8598b,0c56f782-c900-4335-81d8-78197e611041,7/13/2015,,,
023f44ab-2d1e-441b-902d-4dd0911668b0,051a01ce-80a5-4b69-a885-c6f165468bd4,8/30/2015,,,
5996a452-e2f9-4175-82b5-997d059f2597,051a01ce-80a5-4b69-a885-c6f165468bd4,8/31/2015,,,
d2e8613b-1b62-4829-a393-bd2ebc94a5f8,051a01ce-80a5-4b69-a885-c6f165468bd4,10/10/2015,,,
fd9acf07-d147-4dcb-ba21-75f42c04d86c,e0791417-9f1a-4909-9915-a02e8002d65b,5/3/2016,,,
16162f74-bd6e-4ea4-84ea-11cf020554d1,0c56f782-c900-4335-81d8-78197e611041,9/26/2015,03f8b58d-826b-4825-badf-9e86120480b2,7/17/2015,4e4bbe60-3a2c-4880-a91f-0254fae667eb
0f47a466-b81d-4195-934d-c9107823bc1f,26f80174-43b4-47ef-8a59-19795a078903,8/27/2015,,,
fabb83bb-1b0a-4f35-b1b4-47711a568fd0,04a0aad1-af2b-4a2a-92e0-a811946ece0c,12/12/2015,,,
0e0b744f-0ae4-4770-aca4-b7768f247dc8,9bd673f2-1f8b-4a69-957b-2e135b5de64f,5/18/2016,,,
2780f40f-47d4-4051-9b9b-cd906862cc09,2a1a8d1d-8123-49ae-8adc-34318b7d4f5e,5/30/2016,,,
9dce0c35-6537-4adb-8309-5c693de85713,cb779c58-4538-4efd-aefe-efd63f98a1b4,8/31/2015,,,
41409436-bf8e-42cb-8538-029c00fa3066,051a01ce-80a5-4b69-a885-c6f165468bd4,3/29/2016,,,
38b0adc3-c588-49f7-8b32-c7a336df2bff,26f80174-43b4-47ef-8a59-19795a078903,6/1/2016,,,
e0c336b7-d1b5-4caa-aaf2-8a84584976c6,952cfb6b-82db-4895-8072-1d949662f99d,3/5/2016,2eb43237-1b49-400f-98d2-f796a5c42eb5,12/31/2015,9bb8af73-0914-439b-a70a-80a277967c76
0fe89632-6c72-4b44-9834-08b390a3715b,d0854743-acec-42dc-8ad7-4801bafa729d,2/21/2016,,,
137a93b2-5ffc-42ae-9ddb-823b95b1658f,051a01ce-80a5-4b69-a885-c6f165468bd4,6/19/2016,,,
ddb19926-80b3-4724-9b94-75aff3f065af,9bd673f2-1f8b-4a69-957b-2e135b5de64f,6/8/2016,,,
750bc2de-25fb-4222-a2fe-0a17ea287faf,42a7049c-17eb-4a35-b4d4-c0f562fff223,7/8/2015,,,
be4f4782-1d2f-4af5-99cb-8b80ac5cef3c,1abeb3cd-8da8-4cc3-867f-10716bc168c2,6/20/2016,,,
cb19c327-210f-4bf3-8ff7-73f12f3517bd,42a7049c-17eb-4a35-b4d4-c0f562fff223,11/25/2015,,,
cd7a8fbd-d3eb-4d8c-9632-35785509c0c7,0c56f782-c900-4335-81d8-78197e611041,7/2/2015,,,
98ccab02-d568-4b85-b818-37ec9ec6010b,42a7049c-17eb-4a35-b4d4-c0f562fff223,11/29/2015,,,
fd88f8d1-2348-4825-b8d1-f19a9dd6b199,1abeb3cd-8da8-4cc3-867f-10716bc168c2,12/18/2015,,,
27023b3a-656f-43c9-b473-fa0ed9522602,42a7049c-17eb-4a35-b4d4-c0f562fff223,7/10/2015,42230e6a-8f4f-4a41-bc52-798af13edd81,11/19/2015,8fbd65ee-cc19-401f-85f2-60359d03f3fd
7bbf262f-5f17-4930-85a3-d426601ec5ed,26f80174-43b4-47ef-8a59-19795a078903,11/6/2015,,,
42689711-ed2a-4fcc-a566-d4096efc7b0d,96713995-3efa-43e5-b910-48a2d1273e1b,8/19/2015,,,
3d5b3aa9-5765-4078-b8f3-3d73d82dbf57,952cfb6b-82db-4895-8072-1d949662f99d,12/4/2015,,,
b45d2546-a6de-4025-9880-9ebae4c7b9be,96713995-3efa-43e5-b910-48a2d1273e1b,1/25/2016,,,
99467b6c-6cfe-4219-9b5a-c727d23b6171,051a01ce-80a5-4b69-a885-c6f165468bd4,11/24/2015,,,
cb485c9e-bb39-48b7-8191-d0d4b78c9b00,96713995-3efa-43e5-b910-48a2d1273e1b,7/31/2015,,,
9dbd4ab2-03b9-4e74-832b-f950a66cb6f5,e0791417-9f1a-4909-9915-a02e8002d65b,2/23/2016,,,
bb18b60a-e844-4921-a0c5-9deaf85ae847,24aced1a-4388-43fc-9f80-e1596f805e50,10/14/2015,,,
edf37dee-0011-4468-9bc4-7ed2d7da432d,0c56f782-c900-4335-81d8-78197e611041,7/4/2015,,,
1102d43e-012e-4a61-8de4-2ff5a63cc6b1,e0791417-9f1a-4909-9915-a02e8002d65b,9/7/2015,,,
239e6f92-d025-4de1-aa4a-413d7d89132e,cb779c58-4538-4efd-aefe-efd63f98a1b4,1/30/2016,,,
9e8e6e63-7361-406d-bc50-45e09fd6a8e6,8c1699ac-2d2e-4128-936d-c447d7f77cbb,12/27/2015,98be5c85-2eb9-4097-8113-ada88392339d,4/7/2016,0a96493b-63aa-40b1-8b5f-1cd9fbf12dae
07ece224-f80e-4f41-9b47-4f3d27488176,d0854743-acec-42dc-8ad7-4801bafa729d,2/23/2016,,,
c1c034db-a462-4627-8ebf-58d60e359e01,42a7049c-17eb-4a35-b4d4-c0f562fff223,12/2/2015,,,
36d18f94-1720-4be7-b12a-f1887787be83,e0791417-9f1a-4909-9915-a02e8002d65b,6/29/2015,,,
59d3ed4b-7abf-400f-9b98-7d588e22c5c5,04a0aad1-af2b-4a2a-92e0-a811946ece0c,12/28/2015,,,
240750fd-395b-450f-bcf4-873452976383,cb779c58-4538-4efd-aefe-efd63f98a1b4,8/5/2015,,,
bcecf7e4-66f7-4826-b47d-d48efd469a14,3b6da08e-ba56-44c1-9930-00d084576355,12/19/2015,,,
3efd5de4-0931-40c1-b74b-8607ef933b04,0c56f782-c900-4335-81d8-78197e611041,6/26/2016,,,
97bf078a-cdfc-47c8-ac8f-08d3d0bae457,96713995-3efa-43e5-b910-48a2d1273e1b,1/22/2016,,,
a472da65-d3da-4db9-b8b8-1d6878628c56,24aced1a-4388-43fc-9f80-e1596f805e50,2/11/2016,,,
477086b8-72e6-4718-86c0-8e7293cb5485,cb779c58-4538-4efd-aefe-efd63f98a1b4,3/20/2016,,,
5bdf7d3b-ec57-4ece-bae9-ee0218f4a6de,3b6da08e-ba56-44c1-9930-00d084576355,4/11/2016,,,
ae77c13a-d766-4ad8-8a9d-bf2120fd3bea,952cfb6b-82db-4895-8072-1d949662f99d,9/15/2015,,,
288fc538-ddd1-40ac-a0e7-e6d744cb2d16,952cfb6b-82db-4895-8072-1d949662f99d,1/7/2016,,,
2b18cc65-dfe6-4844-b4a7-f00a2cfbdac4,cb779c58-4538-4efd-aefe-efd63f98a1b4,7/19/2015,,,
e314e140-24e6-47fc-a79d-b67c40359fa8,051a01ce-80a5-4b69-a885-c6f165468bd4,7/13/2015,,,
456c0ed1-602b-45d8-86d0-0bc924c213e4,051a01ce-80a5-4b69-a885-c6f165468bd4,3/28/2016,,,
6f982db1-0d36-411c-83aa-c09dc596df3a,8c1699ac-2d2e-4128-936d-c447d7f77cbb,12/7/2015,,,
5971fe9c-62e8-47fd-a165-c67370d2526b,26f80174-43b4-47ef-8a59-19795a078903,2/20/2016,72f8da10-6918-4ea2-a547-3d616c7808f2,11/27/2015,88967a1a-5b47-4856-b66e-33a82e543355
eefbf491-3569-43e5-9a67-742648450569,6933121c-69dc-47be-aff2-a0762b81d451,7/11/2015,,,
67802aed-f868-4e3c-b548-1f1bef3cb989,0c0a2f66-a936-4741-bbe2-f43ad794e040,7/21/2015,,,
d641ff91-c5b4-4579-b2c2-2fddf996fe1e,26f80174-43b4-47ef-8a59-19795a078903,4/18/2016,,,
e32e09c3-e212-422b-b323-4b8af27637b7,0c56f782-c900-4335-81d8-78197e611041,4/18/2016,,,
92ce95bd-1179-4066-aa51-f948a0f4204c,1abeb3cd-8da8-4cc3-867f-10716bc168c2,6/9/2016,,,
8308e823-ecbd-4ce2-8a2b-cb4a91d45b6c,8c1699ac-2d2e-4128-936d-c447d7f77cbb,9/7/2015,,,
a04e54a4-b093-42dc-b0a0-d445dd95d0a1,1abeb3cd-8da8-4cc3-867f-10716bc168c2,12/12/2015,,,
b7c6d1c6-c7e2-4e7f-95ee-276c0a8b6638,700acc29-9651-4a7c-a0b4-1a1fb07e93a9,9/18/2015,,,
58533009-c90a-4d19-93af-bab715808ddc,2a1a8d1d-8123-49ae-8adc-34318b7d4f5e,12/1/2015,,,
c7bb2d03-3fc1-41d0-91e4-73b23f489edd,e0791417-9f1a-4909-9915-a02e8002d65b,10/25/2015,,,
d260683f-fa39-4c7f-a492-4f153ff6e51e,2a1a8d1d-8123-49ae-8adc-34318b7d4f5e,7/21/2015,,,
fd08e909-8230-46fa-bec9-0db16922cb5d,42a7049c-17eb-4a35-b4d4-c0f562fff223,2/14/2016,,,
4adcabf8-69e4-4b64-91e5-b9497587656a,0c56f782-c900-4335-81d8-78197e611041,4/27/2016,,,
806f6344-7368-4c31-9621-2ea230bc25ff,051a01ce-80a5-4b69-a885-c6f165468bd4,10/10/2015,,,
6293a9e7-7e65-4ddc-9ee2-5b1a6c5c952e,8c1699ac-2d2e-4128-936d-c447d7f77cbb,10/22/2015,,,
9aea2b8d-a651-4601-853a-4f289601c80e,24aced1a-4388-43fc-9f80-e1596f805e50,4/24/2016,,,
e9236fe3-1dfb-4dae-aade-ae2bbf11f8c3,3b6da08e-ba56-44c1-9930-00d084576355,3/3/2016,,,
83a16a62-0d6e-4c1d-9cfe-8d864bcc8934,1abeb3cd-8da8-4cc3-867f-10716bc168c2,8/6/2015,,,
b568e3c5-cb9e-461e-b3e8-e70cd06f3ad4,3b6da08e-ba56-44c1-9930-00d084576355,12/16/2015,63f454b6-650e-4971-95b5-3b04f76243c8,11/4/2015,a89718b3-f083-46fd-b9d2-9b676b10ede1
94710af2-bc3d-4833-9d4e-6dbc3e4f54e9,26f80174-43b4-47ef-8a59-19795a078903,12/18/2015,,,
630b57dc-87b0-483f-b647-af6475f38d96,cb779c58-4538-4efd-aefe-efd63f98a1b4,10/30/2015,,,
673e234d-dc6b-4668-bebd-56a331644ff9,e0791417-9f1a-4909-9915-a02e8002d65b,1/17/2016,,,
03a526ff-db00-4820-b1e4-00fcb4768dec,0c0a2f66-a936-4741-bbe2-f43ad794e040,4/22/2016,,,
01e51618-fd84-43dc-9d7a-28ed178575c9,700acc29-9651-4a7c-a0b4-1a1fb07e93a9,2/29/2016,,,
d16ae260-b3e2-4d3d-afbf-3476de1d2ce7,42a7049c-17eb-4a35-b4d4-c0f562fff223,7/3/2015,,,
005fb53b-2a8e-4689-ac54-23964eecbe52,d0854743-acec-42dc-8ad7-4801bafa729d,11/15/2015,,,
b16d5977-6ec0-43d6-95be-edbdc4eff5b3,3b6da08e-ba56-44c1-9930-00d084576355,5/10/2016,5e35dd1d-b357-4e91-be60-04278752228b,1/8/2016,831bacf0-26f1-4467-9758-29b9002fa61e
2b984ee0-5419-44fa-bb1e-07167658db02,6933121c-69dc-47be-aff2-a0762b81d451,5/18/2016,,,
5477b54a-5126-41d5-941f-f35ff01feceb,0c0a2f66-a936-4741-bbe2-f43ad794e040,2/25/2016,,,
0ebbc9cd-0646-49cb-baad-5143f644d95a,051a01ce-80a5-4b69-a885-c6f165468bd4,7/22/2015,,,
64b17c54-78ff-4196-a0b4-a62d9a97a754,cb779c58-4538-4efd-aefe-efd63f98a1b4,6/29/2015,,,
2908628b-144d-4873-9917-c02da698db13,051a01ce-80a5-4b69-a885-c6f165468bd4,4/22/2016,,,
98326ee3-8790-4a7e-9366-ac38b44abbe2,e0791417-9f1a-4909-9915-a02e8002d65b,10/16/2015,,,
bf7f7cae-6eb0-4f7d-b04b-6b4c32b0f1ab,0c56f782-c900-4335-81d8-78197e611041,4/6/2016,,,
46791677-6053-41fe-8193-db271a96fe5b,24aced1a-4388-43fc-9f80-e1596f805e50,7/2/2015,,,
ccb85ff4-190f-43b5-a4c4-c28456e7da1d,d0854743-acec-42dc-8ad7-4801bafa729d,5/13/2016,,,
83c69083-0cc7-4db9-8e72-b16f5a2aceae,d0854743-acec-42dc-8ad7-4801bafa729d,4/2/2016,,,
e07cfd96-71c9-4f03-ae2b-055eddb34392,2a1a8d1d-8123-49ae-8adc-34318b7d4f5e,12/28/2015,,,
ba2f37d9-bc1b-491d-a148-0237ae661473,d0854743-acec-42dc-8ad7-4801bafa729d,7/11/2015,,,
7fff8da9-3eb2-48b5-a6f3-dc33ef85d9a2,0c56f782-c900-4335-81d8-78197e611041,7/2/2015,,,
8800bbf8-f4db-4f23-8807-974b7ba36428,24aced1a-4388-43fc-9f80-e1596f805e50,8/1/2015,,,
9a0c1357-4302-43f7-82cc-ea18f68c1400,9bd673f2-1f8b-4a69-957b-2e135b5de64f,9/2/2015,c2835539-2b0f-4075-bcaf-65177a246800,10/29/2015,cfcfbf68-1e58-4aea-96bd-db939a8ccffc
e02c729c-4a19-4c34-8986-6395a9e9834b,24aced1a-4388-43fc-9f80-e1596f805e50,9/30/2015,,,
1b89a487-00af-4074-954c-52ed14980279,04a0aad1-af2b-4a2a-92e0-a811946ece0c,9/26/2015,,,
6b3290f8-518c-41da-8f9e-d2897cb82cc1,1abeb3cd-8da8-4cc3-867f-10716bc168c2,2/26/2016,,,
644933e9-b5d2-4ef4-9bf1-2cda02102678,952cfb6b-82db-4895-8072-1d949662f99d,2/25/2016,,,
0b3b3d31-238f-4420-9f13-3d3dd1216d9e,6933121c-69dc-47be-aff2-a0762b81d451,8/24/2015,,,
89cd0018-73af-47ee-9d3d-801984fa3e91,cb779c58-4538-4efd-aefe-efd63f98a1b4,11/11/2015,,,
fbd1f58c-3e10-4c62-9f78-eb1ea30df5af,d0854743-acec-42dc-8ad7-4801bafa729d,3/4/2016,,,
a7f9ef21-1e46-46d3-a9a7-594a78567f1f,26f80174-43b4-47ef-8a59-19795a078903,4/23/2016,,,
4d8b80cf-be28-411d-814f-bf7c552e561b,d0854743-acec-42dc-8ad7-4801bafa729d,7/31/2015,,,
c025b53b-2653-46d7-b44c-240e2ce8897b,0c0a2f66-a936-4741-bbe2-f43ad794e040,8/19/2015,,,
90247917-1560-489a-a1f3-8620d2378275,cb779c58-4538-4efd-aefe-efd63f98a1b4,4/21/2016,,,
93d611ea-2560-495a-9ce6-3798f626b34f,cb779c58-4538-4efd-aefe-efd63f98a1b4,3/27/2016,,,
e8bd2d4e-7bc3-47ec-8394-62adceabc67a,1abeb3cd-8da8-4cc3-867f-10716bc168c2,5/13/2016,,,
4bade83e-63a4-44e6-9a6d-3186c1422e3c,cb779c58-4538-4efd-aefe-efd63f98a1b4,8/13/2015,,,
152af6e0-6a7b-47e2-a635-1a2914cb6fb3,2a1a8d1d-8123-49ae-8adc-34318b7d4f5e,10/7/2015,,,
fae0d544-0b07-4110-8107-131375021bef,24aced1a-4388-43fc-9f80-e1596f805e50,10/28/2015,,,
4b73ff49-2c1b-4379-86e3-421c797798f8,0c0a2f66-a936-4741-bbe2-f43ad794e040,11/2/2015,,,
7cdf03e9-302f-4201-b500-7455f28289ca,0c0a2f66-a936-4741-bbe2-f43ad794e040,12/24/2015,,,
15b41edc-cd38-41e9-b2c3-8e81e309d980,1abeb3cd-8da8-4cc3-867f-10716bc168c2,12/24/2015,,,
e8b96dad-96bc-407a-a7cb-59ec1ff7ed83,0c56f782-c900-4335-81d8-78197e611041,5/31/2016,,,
7ddd808b-5491-4f13-8e91-909ce2c1640c,0c0a2f66-a936-4741-bbe2-f43ad794e040,1/6/2016,,,
9b8c6aed-98f8-4086-99fe-9e6d81e78d50,04a0aad1-af2b-4a2a-92e0-a811946ece0c,7/30/2015,927cf562-bc81-4219-9609-456182f61f72,12/28/2015,ecf427ed-4ebc-4139-85b7-97d52e831fbd
d7eea50b-2491-4b3f-b59b-2bc36232dfbd,0c0a2f66-a936-4741-bbe2-f43ad794e040,4/27/2016,,,
f0128d74-67b8-4c12-afc8-ce9c594b93c2,42a7049c-17eb-4a35-b4d4-c0f562fff223,11/10/2015,,,
88d0c563-ce01-4935-bd14-9a0ecdef8b4e,e0791417-9f1a-4909-9915-a02e8002d65b,12/13/2015,,,
3b431038-ae3b-4252-a74d-5ad2b30d25e9,42a7049c-17eb-4a35-b4d4-c0f562fff223,8/27/2015,,,
23f5c624-fe72-4ebd-8271-1ca3d9f90864,9bd673f2-1f8b-4a69-957b-2e135b5de64f,11/15/2015,,,
1d4af67a-bb1c-44fd-946b-44a8a572a025,952cfb6b-82db-4895-8072-1d949662f99d,7/25/2015,8bea0aff-3108-4971-a82a-6e186f7e4a0a,11/19/2015,26069715-c218-4aab-91b4-be5e702d9762
cf4ccf8c-ddd9-4265-87a5-98e9798f67e1,42a7049c-17eb-4a35-b4d4-c0f562fff223,8/27/2015,,,
c2ee7983-445c-403e-8763-119dd603dc90,d0854743-acec-42dc-8ad7-4801bafa729d,2/20/2016,,,
32583d97-536e-485a-886c-1548719172eb,e0791417-9f1a-4909-9915-a02e8002d65b,9/17/2015,,,
a851f926-ceac-4177-a087-e0a25de97cf0,0c0a2f66-a936-4741-bbe2-f43ad794e040,7/8/2015,,,
1a796496-c4e6-4703-b591-1bc15bf6830c,e0791417-9f1a-4909-9915-a02e8002d65b,12/13/2015,,,
b96c9a80-81a9-47cc-814f-46bd78c2888a,04a0aad1-af2b-4a2a-92e0-a811946ece0c,3/5/2016,,,
f5c397f6-1db9-469d-8b9b-f0b59698d90f,cb779c58-4538-4efd-aefe-efd63f98a1b4,11/22/2015,,,
081ecf5b-2f86-4dde-9a81-9a1ce7f55c1e,051a01ce-80a5-4b69-a885-c6f165468bd4,5/7/2016,,,
a47b00a1-a0ba-4d28-a081-25444d1b08ea,42a7049c-17eb-4a35-b4d4-c0f562fff223,2/29/2016,c9c85368-3781-4212-bd58-085a47e2926a,3/14/2016,11cc77d7-d50c-438f-9d0d-19d7c5b6d5c5
431f673d-1958-4bff-b09a-2ecb3d78ec53,1abeb3cd-8da8-4cc3-867f-10716bc168c2,7/24/2015,,,
837c7c76-1f91-4eb9-8fad-a9386eaf5049,9bd673f2-1f8b-4a69-957b-2e135b5de64f,3/7/2016,,,
93511a06-1bcb-4283-b550-bdcfdc863c2b,700acc29-9651-4a7c-a0b4-1a1fb07e93a9,6/16/2016,,,
f324652a-6b81-434e-95fa-b5aebc5be6bc,6933121c-69dc-47be-aff2-a0762b81d451,11/16/2015,,,
97b8ad47-8591-417e-a6d8-64518bf6d548,96713995-3efa-43e5-b910-48a2d1273e1b,12/13/2015,,,
8f6e759c-2495-4583-a840-e3b55ab64c00,051a01ce-80a5-4b69-a885-c6f165468bd4,7/24/2015,,,
f99a5b65-8e93-4840-94bd-55179c559c91,96713995-3efa-43e5-b910-48a2d1273e1b,12/10/2015,,,
8e761881-c707-48ae-8039-034560709640,42a7049c-17eb-4a35-b4d4-c0f562fff223,1/20/2016,,,
d3518cc4-6cff-43ff-b5cc-84a42f25ffc0,2a1a8d1d-8123-49ae-8adc-34318b7d4f5e,6/9/2016,,,
839aa9f6-2561-47a6-9d36-1261fb258915,051a01ce-80a5-4b69-a885-c6f165468bd4,10/9/2015,,,
12812aa5-19f9-4cda-a5df-77cbd617d1ab,2a1a8d1d-8123-49ae-8adc-34318b7d4f5e,7/7/2015,,,
61e9a742-87c2-4833-bc4b-6d96500b38a3,0c0a2f66-a936-4741-bbe2-f43ad794e040,4/30/2016,,,
d4234ea8-d79c-4e3b-bb6a-b70f3378b90b,42a7049c-17eb-4a35-b4d4-c0f562fff223,11/28/2015,,,
b31bf93a-3ab3-4446-a151-3106f8ee388c,96713995-3efa-43e5-b910-48a2d1273e1b,4/12/2016,,,
5360f044-9de0-4de5-acb5-0d0d2821a15c,6933121c-69dc-47be-aff2-a0762b81d451,9/15/2015,,,
058bedc7-6b28-4722-9c8f-cc9a6dd7796e,2a1a8d1d-8123-49ae-8adc-34318b7d4f5e,1/24/2016,,,
a8700160-cfd5-4927-8fbc-3eb64e7caec7,0c0a2f66-a936-4741-bbe2-f43ad794e040,8/7/2015,3066924b-6fe9-41c3-b7bf-0d7bbd3c79e6,4/24/2016,1c43e57b-4730-4948-8025-2ee192b0893c
a151bc3e-de32-46dc-a82f-d0808f01cc67,3b6da08e-ba56-44c1-9930-00d084576355,4/6/2016,,,
97045686-9647-4fa0-97de-9d6a9cb45ad9,cb779c58-4538-4efd-aefe-efd63f98a1b4,5/30/2016,,,
81f13fc2-e758-4ae3-a3e6-740c9ef1f5c0,6933121c-69dc-47be-aff2-a0762b81d451,3/27/2016,,,
f2493c3a-bd39-438c-b6e6-d8af1a490a5f,e0791417-9f1a-4909-9915-a02e8002d65b,3/14/2016,,,
ecc874b0-58a2-4afe-92e9-23aa5e122be7,0c56f782-c900-4335-81d8-78197e611041,12/1/2015,,,
fbfa7390-d22a-46d0-a14b-387f4d31087a,e0791417-9f1a-4909-9915-a02e8002d65b,11/25/2015,,,
abc08a99-c82a-4ddf-99ae-94280a88ffae,3b6da08e-ba56-44c1-9930-00d084576355,10/10/2015,,,
786ef430-9616-4295-a86e-f314d1a2bcca,d0854743-acec-42dc-8ad7-4801bafa729d,9/28/2015,,,
7c613bfc-7fe5-4d3a-89b5-7304c6df6ad4,051a01ce-80a5-4b69-a885-c6f165468bd4,7/2/2015,,,
1e6f6191-1cc8-460d-a415-f21eabb38835,1abeb3cd-8da8-4cc3-867f-10716bc168c2,12/21/2015,,,
188ba276-893f-4317-b611-12e0b20d4548,8c1699ac-2d2e-4128-936d-c447d7f77cbb,9/9/2015,,,
f5b7264d-3638-4517-b229-64c578bb987e,0c56f782-c900-4335-81d8-78197e611041,5/10/2016,,,
ef00b2b4-d534-446c-a6c2-ed7e0127f91f,04a0aad1-af2b-4a2a-92e0-a811946ece0c,11/8/2015,,,
6ee8eaf0-ae5f-46f7-a254-61cdff8ccf97,1abeb3cd-8da8-4cc3-867f-10716bc168c2,2/28/2016,,,
7f6d1db1-debd-4c6c-a577-1ebcd45bc961,8c1699ac-2d2e-4128-936d-c447d7f77cbb,9/17/2015,,,
b30832a1-e838-4982-ae59-fe7c9e573216,3b6da08e-ba56-44c1-9930-00d084576355,6/29/2015,,,
8be45172-05fe-4375-8afe-a7bcab1920cf,0c0a2f66-a936-4741-bbe2-f43ad794e040,11/3/2015,,,
97ef797c-e559-48fa-9ab5-c594cc979c1f,700acc29-9651-4a7c-a0b4-1a1fb07e93a9,12/22/2015,,,
91eb5b1a-044f-429e-aa7d-81da9115f745,42a7049c-17eb-4a35-b4d4-c0f562fff223,10/22/2015,,,
addcac94-b82d-47e1-bfa0-99f2eb07e6aa,96713995-3efa-43e5-b910-48a2d1273e1b,12/12/2015,,,
7d26f35d-d3bf-4584-a77d-e5b6cd430f01,051a01ce-80a5-4b69-a885-c6f165468bd4,11/20/2015,,,
1d2252b2-b8e3-48bc-9e8d-d992868246d5,9bd673f2-1f8b-4a69-957b-2e135b5de64f,7/9/2015,,,
223f2f6b-c4bb-420f-a146-da9738c30be1,051a01ce-80a5-4b69-a885-c6f165468bd4,9/15/2015,,,
f7fe45f6-18bf-4965-820e-50bacdc4f547,0c0a2f66-a936-4741-bbe2-f43ad794e040,11/21/2015,,,
7df4a1a4-0025-45dd-8aca-220ca6625ff0,6933121c-69dc-47be-aff2-a0762b81d451,12/31/2015,,,
df82a69b-f1c1-4b77-b8a8-d1d7b1a1e1d0,8c1699ac-2d2e-4128-936d-c447d7f77cbb,1/25/2016,,,
4e3da10b-f086-4f99-9f1d-dd8bc086c4b7,04a0aad1-af2b-4a2a-92e0-a811946ece0c,3/3/2016,c9c85368-3781-4212-bd58-085a47e2926a,3/25/2016,a2e382f2-51da-42b9-86bc-82e83cd2616e
94fa784c-a19a-429e-b11f-d0742b1fa61b,700acc29-9651-4a7c-a0b4-1a1fb07e93a9,4/24/2016,,,
c741eaa7-e3f7-4b64-b8fe-3a874b0d8dda,2a1a8d1d-8123-49ae-8adc-34318b7d4f5e,10/31/2015,36d107b9-1623-43bc-aecb-5c17e88bbb8d,5/8/2016,6f7a0441-d47f-47af-aa08-3890a5c1a44d
c478e22a-2b39-476b-9022-b42891db4f5d,42a7049c-17eb-4a35-b4d4-c0f562fff223,7/4/2015,,,
e04c722d-aa9d-45e7-9609-d9ca680cc50c,3b6da08e-ba56-44c1-9930-00d084576355,3/17/2016,,,
676d3443-497b-488e-b35c-5f538da0cda4,9bd673f2-1f8b-4a69-957b-2e135b5de64f,1/16/2016,,,
a6ba1059-47b0-4574-ae98-d5f0cb5280df,3b6da08e-ba56-44c1-9930-00d084576355,1/27/2016,,,
e7d278e6-acb1-4aad-aad5-fb8aba986115,700acc29-9651-4a7c-a0b4-1a1fb07e93a9,12/18/2015,,,
7da61139-0c32-426b-97f1-e7b69dd898ac,42a7049c-17eb-4a35-b4d4-c0f562fff223,2/4/2016,,,
90af0fe8-7740-4d0d-ad27-7aed9aa159e1,04a0aad1-af2b-4a2a-92e0-a811946ece0c,12/29/2015,,,
93944156-4ee9-428c-a7d8-4c22275519db,04a0aad1-af2b-4a2a-92e0-a811946ece0c,6/19/2016,,,
a8dbc04f-82f5-4fed-8978-c52121339e47,8c1699ac-2d2e-4128-936d-c447d7f77cbb,6/24/2016,,,
15ba35f0-d34a-46d4-b444-66194fcc0b29,1abeb3cd-8da8-4cc3-867f-10716bc168c2,8/8/2015,,,
03f81cd3-ed84-4403-adde-19729af95a54,952cfb6b-82db-4895-8072-1d949662f99d,6/16/2016,,,
f9e969a8-836d-4476-ac59-422c56a52b05,2a1a8d1d-8123-49ae-8adc-34318b7d4f5e,4/20/2016,,,
a5c5507d-a721-42d8-a4d2-43c72c636a47,04a0aad1-af2b-4a2a-92e0-a811946ece0c,6/28/2016,,,
da6c918d-501b-478f-822c-3aacb1518d0f,cb779c58-4538-4efd-aefe-efd63f98a1b4,1/1/2016,,,
a0ff4855-0b62-4bc5-a12c-142d805ed0ab,952cfb6b-82db-4895-8072-1d949662f99d,7/23/2015,443fcacc-8009-4a58-b423-2152da9d0927,9/6/2015,e722e312-9cc2-4227-8b47-dcf53e71e94a
7564c319-fed1-4c06-b2e9-1e7faba8fe29,9bd673f2-1f8b-4a69-957b-2e135b5de64f,6/15/2016,,,
0e5d4a22-755e-4845-a169-9cebaa73ad95,8c1699ac-2d2e-4128-936d-c447d7f77cbb,5/17/2016,1e405853-ed87-4e48-9724-7f1a023469e9,9/29/2015,1f200897-38de-4d7a-af1e-f9c5a797b267
350b293d-e626-43dc-b475-af009771ca4d,0c0a2f66-a936-4741-bbe2-f43ad794e040,1/24/2016,,,
264ba270-abf5-43e9-97fc-4555c4abcd7f,1abeb3cd-8da8-4cc3-867f-10716bc168c2,10/26/2015,,,
180c5479-d37c-4a24-b130-137788a5cde2,96713995-3efa-43e5-b910-48a2d1273e1b,10/2/2015,b20b6cec-41b1-4013-b623-c8e980a73da8,12/30/2015,cc7f8754-818f-4442-9427-e898ee624cc5
abb0febe-b287-4212-8557-575e2089478c,d0854743-acec-42dc-8ad7-4801bafa729d,12/25/2015,,,
de951dfa-b146-44a4-959a-dd5861514acb,24aced1a-4388-43fc-9f80-e1596f805e50,9/7/2015,,,
54cf6128-6618-4e19-9df1-62493ed75fb9,2a1a8d1d-8123-49ae-8adc-34318b7d4f5e,7/16/2015,,,
ee770a6c-6307-4f59-94eb-d689f601b0b3,2a1a8d1d-8123-49ae-8adc-34318b7d4f5e,6/25/2016,,,
c13410ae-4671-4515-b4bc-1cf778c63571,0c56f782-c900-4335-81d8-78197e611041,8/21/2015,,,
4b56ce09-d5bf-4fa0-83c8-c1bfcd1f9c7b,9bd673f2-1f8b-4a69-957b-2e135b5de64f,6/30/2015,,,
cfd7b3a8-2cd3-464b-a9e3-fe110a17ae00,9bd673f2-1f8b-4a69-957b-2e135b5de64f,7/25/2015,,,
6f18338e-165d-4e90-8782-bf531f9b7842,3b6da08e-ba56-44c1-9930-00d084576355,5/5/2016,,,
cf163351-ceab-4c92-8b0b-46b10d9c0cfa,2a1a8d1d-8123-49ae-8adc-34318b7d4f5e,5/26/2016,,,
de31e9ad-5ec9-4490-8fa0-18819f63363b,3b6da08e-ba56-44c1-9930-00d084576355,8/2/2015,,,
2ce523ac-b1ea-48d5-8db2-cf044bcaf082,1abeb3cd-8da8-4cc3-867f-10716bc168c2,10/9/2015,58010162-1ee9-4555-aa05-77ad0481f722,10/11/2015,0b93852f-c0ca-4bd8-a779-89c1fab0aabb
c5c03a64-46c6-4f6e-a47c-fe205b795474,051a01ce-80a5-4b69-a885-c6f165468bd4,10/8/2015,,,
d4de05ca-ac0c-4f33-9887-74b595911278,04a0aad1-af2b-4a2a-92e0-a811946ece0c,2/16/2016,,,
11c9c1d3-6e55-40c5-a19b-ab2a5c89ae95,0c0a2f66-a936-4741-bbe2-f43ad794e040,10/15/2015,5078166e-5d79-4fd3-9365-e5f5786505e5,1/11/2016,2aef9628-4b04-4686-b395-d28775284179
2f15de2d-7051-4b9c-b004-ad2d7222d01d,9bd673f2-1f8b-4a69-957b-2e135b5de64f,6/8/2016,,,
549c01d0-99ca-4beb-b3cc-87b3d1a907e3,e0791417-9f1a-4909-9915-a02e8002d65b,1/14/2016,,,
4ca0bc35-4423-4fbf-8b3e-7f4bc248ae63,8c1699ac-2d2e-4128-936d-c447d7f77cbb,11/1/2015,,,
30079ce2-ef7e-4b4e-a53a-e542af52b3ea,cb779c58-4538-4efd-aefe-efd63f98a1b4,8/6/2015,f4caf5ca-61f3-4c4e-b56f-7471843d25d2,3/27/2016,424a0495-be4c-4d06-a936-4d86a624a0df
a5769741-4121-4876-a43d-5bc1b2aa5d43,700acc29-9651-4a7c-a0b4-1a1fb07e93a9,12/23/2015,,,
9f5c2a84-1d5b-4e1e-8ddd-b142e078cb4b,d0854743-acec-42dc-8ad7-4801bafa729d,8/20/2015,26e8f0e9-4d7d-47d1-962b-4fe93f303181,11/20/2015,04b88d70-666c-4587-a61d-3c0d46d60740
14dbe033-db69-4934-99b5-f00a3ca56ac3,2a1a8d1d-8123-49ae-8adc-34318b7d4f5e,7/19/2015,,,
3ec1f2d6-48b6-4527-89bb-99fc0fac031e,2a1a8d1d-8123-49ae-8adc-34318b7d4f5e,7/21/2015,,,
93e0060f-d16f-49b0-842e-78c9271855ef,26f80174-43b4-47ef-8a59-19795a078903,5/15/2016,,,
ad944907-2075-4b85-a2ce-152a522c9c85,700acc29-9651-4a7c-a0b4-1a1fb07e93a9,12/12/2015,9c0fbe43-0f29-4b8f-9a83-e07b8e189366,9/30/2015,0d834000-1de2-43d8-a1bf-9b9bd6896bd3
f82a6507-444c-4f61-875a-120c098cafa6,24aced1a-4388-43fc-9f80-e1596f805e50,9/1/2015,,,
3053c922-199b-4dd7-9220-1bd7c91de23a,96713995-3efa-43e5-b910-48a2d1273e1b,1/13/2016,,,
a3cb69a0-6cca-41b9-8095-7b7c7ae81998,9bd673f2-1f8b-4a69-957b-2e135b5de64f,2/11/2016,,,
74dd4120-1f5b-413a-bc10-0c415592bc67,9bd673f2-1f8b-4a69-957b-2e135b5de64f,7/24/2015,6f308e4a-fd86-4b6f-85d9-4fb0af5464f8,10/11/2015,94907871-2057-4364-9864-3c08f89ba6c0
c0d8c302-f4a4-4f74-b0d4-2dc2d8373e27,6933121c-69dc-47be-aff2-a0762b81d451,11/7/2015,,,
860144fc-ee6c-4caa-868c-0b75165b98eb,1abeb3cd-8da8-4cc3-867f-10716bc168c2,10/12/2015,,,
ebd0a936-09bf-4765-bfc8-a1d84c3da798,0c56f782-c900-4335-81d8-78197e611041,10/13/2015,b9a7c0ab-a409-4f5c-bb7b-f121fa138b26,2/6/2016,f6412e30-2028-432b-b206-a8e0a5a93dc6
df0cbc52-c299-48c9-a613-0fdda6b7b460,2a1a8d1d-8123-49ae-8adc-34318b7d4f5e,7/1/2015,,,
a071af58-e566-46ca-9229-b8abf5861059,1abeb3cd-8da8-4cc3-867f-10716bc168c2,7/29/2015,,,
fd446789-b2b0-4895-b335-fabfc2a965d9,e0791417-9f1a-4909-9915-a02e8002d65b,12/7/2015,,,
43e54224-2416-4a1c-a6da-93b8d51eecda,0c56f782-c900-4335-81d8-78197e611041,1/3/2016,,,
59f150f7-6a61-4a2a-81a0-9d9a6599a02a,051a01ce-80a5-4b69-a885-c6f165468bd4,6/20/2016,fd1a0886-320e-4e74-b6bd-6a1a9b85d3f6,11/15/2015,76b6fa6f-ef67-4ed1-8271-9a38cce4eb7d
93228199-2290-4056-89ad-3435fe3a7c67,42a7049c-17eb-4a35-b4d4-c0f562fff223,1/19/2016,,,
04fb033e-12eb-43d4-b21b-f3838718e6da,26f80174-43b4-47ef-8a59-19795a078903,6/25/2016,,,
e873d3f0-20cb-4e00-a95a-00fb8080a0c1,0c56f782-c900-4335-81d8-78197e611041,1/12/2016,,,
933cc625-e11a-4db8-9139-1fed8041679a,d0854743-acec-42dc-8ad7-4801bafa729d,12/25/2015,,,
a57e16ce-0d47-4847-bfe0-c8f30dc61065,0c56f782-c900-4335-81d8-78197e611041,2/24/2016,,,
c262a8aa-7876-49c8-9309-5f62803daf6e,8c1699ac-2d2e-4128-936d-c447d7f77cbb,7/19/2015,,,
d231dc23-01e1-467e-964a-56b844907731,1abeb3cd-8da8-4cc3-867f-10716bc168c2,7/7/2015,,,
8f53605e-cd3c-48fc-85ed-82a7d9e1039d,051a01ce-80a5-4b69-a885-c6f165468bd4,11/6/2015,,,
fb0bca30-6b19-4e81-9c35-c2d525e81ee6,2a1a8d1d-8123-49ae-8adc-34318b7d4f5e,8/9/2015,766783c4-f779-45f6-aeb2-e2b5285ea92e,7/29/2015,e22e0a34-eec3-4965-836f-369bdfc0eb19
f58fbcc1-d37a-49ab-bd36-1aa9ff1be568,2a1a8d1d-8123-49ae-8adc-34318b7d4f5e,11/9/2015,,,
71c3d9e6-60d0-43cb-8025-c56b70a9b126,96713995-3efa-43e5-b910-48a2d1273e1b,9/28/2015,,,
6b0153c3-8788-427f-a96c-fc661ad3c761,3b6da08e-ba56-44c1-9930-00d084576355,3/24/2016,,,
5859b57c-3f13-4f82-a644-cb02be19c8aa,1abeb3cd-8da8-4cc3-867f-10716bc168c2,6/23/2016,4d26c7e6-a833-443b-a860-ee1155819532,8/23/2015,ea16f455-8419-4ea9-a462-0800a1c9023c
60ae72d1-2610-433e-bcc9-16093d696fbb,0c56f782-c900-4335-81d8-78197e611041,5/26/2016,,,
27e50be2-4c73-4cfe-9848-78c83040b7d6,42a7049c-17eb-4a35-b4d4-c0f562fff223,4/7/2016,,,
38ea3e4d-d2f4-4f26-953a-3f58b3986ef2,e0791417-9f1a-4909-9915-a02e8002d65b,3/14/2016,,,
0d85450f-f247-4d5f-b618-c51a723c1275,e0791417-9f1a-4909-9915-a02e8002d65b,6/14/2016,,,
139bcb00-27d6-4fac-8b84-758b46672730,42a7049c-17eb-4a35-b4d4-c0f562fff223,6/30/2015,,,
e7ca60a3-61c4-4c96-9bc6-2bbe1b5d0419,0c56f782-c900-4335-81d8-78197e611041,8/4/2015,,,
2851baec-cfab-4b70-a583-b31263f40b21,e0791417-9f1a-4909-9915-a02e8002d65b,4/16/2016,,,
a04e0168-6594-4f1b-81bc-0fd8ba29d96c,8c1699ac-2d2e-4128-936d-c447d7f77cbb,6/29/2015,,,
547af71f-4a88-4054-8e37-edf0fdd9b2b2,3b6da08e-ba56-44c1-9930-00d084576355,5/6/2016,,,
b874b38d-b804-4bc6-ab04-746e69c28c7c,700acc29-9651-4a7c-a0b4-1a1fb07e93a9,12/23/2015,,,
ddd4649a-42a8-4b99-86f6-86921480ecac,24aced1a-4388-43fc-9f80-e1596f805e50,8/5/2015,,,
6b4ae189-265d-4189-a1f7-c867d7958eb6,0c56f782-c900-4335-81d8-78197e611041,6/16/2016,,,
a9110f80-4ae8-4b6c-831d-073193d1fbbb,9bd673f2-1f8b-4a69-957b-2e135b5de64f,9/17/2015,cdc20d04-fdfa-4a20-a227-ecb2b53af4ee,2/9/2016,4f1fbbda-fe89-42ae-8d8e-af2e0aae0a87
1d2ea5fd-8f08-4503-ab35-76dd4c32da18,9bd673f2-1f8b-4a69-957b-2e135b5de64f,1/21/2016,,,
22ff2b61-faad-424c-ae06-1303625e9777,952cfb6b-82db-4895-8072-1d949662f99d,3/13/2016,,,
6b4022d0-abaf-4134-83e5-e951f1a91097,952cfb6b-82db-4895-8072-1d949662f99d,1/2/2016,,,
c127316f-7060-40b4-8231-f6723258497b,cb779c58-4538-4efd-aefe-efd63f98a1b4,3/20/2016,,,
38f50a98-9d2e-4379-9899-96eb563d18d2,3b6da08e-ba56-44c1-9930-00d084576355,10/13/2015,,,
beff39fd-c07f-4512-a7a8-3ce732e0a5f5,0c56f782-c900-4335-81d8-78197e611041,7/16/2015,,,
656ec833-3ee5-408e-b70e-748a96e7635b,9bd673f2-1f8b-4a69-957b-2e135b5de64f,10/17/2015,,,
80b7c949-e560-4f40-9507-29c9cd6a463e,96713995-3efa-43e5-b910-48a2d1273e1b,2/1/2016,,,
7d6a21d8-747f-4b72-ae64-15d0524b6b07,3b6da08e-ba56-44c1-9930-00d084576355,8/2/2015,,,
53c1355a-9d44-47d8-a7f4-472c3ae0640d,26f80174-43b4-47ef-8a59-19795a078903,4/28/2016,,,
dff0cecd-0735-40b8-a994-c7807f20bf15,0c56f782-c900-4335-81d8-78197e611041,9/10/2015,,,
272b8120-f4ca-4ce6-ba68-d8a5d284238b,cb779c58-4538-4efd-aefe-efd63f98a1b4,6/25/2016,,,
64178104-96c0-40f6-8b2d-68105c22ec3f,42a7049c-17eb-4a35-b4d4-c0f562fff223,12/28/2015,,,
93fafc80-f61e-4c7b-ad86-b7357b8bd5e6,952cfb6b-82db-4895-8072-1d949662f99d,1/7/2016,,,
17badf29-7a5b-4ea0-ae9e-227fff0a1531,2a1a8d1d-8123-49ae-8adc-34318b7d4f5e,6/17/2016,,,
bbcee930-aef7-4a35-ab76-a03fbd799ab7,0c56f782-c900-4335-81d8-78197e611041,2/29/2016,,,
c4433011-f030-4bb4-95c9-35229eb0a3d2,24aced1a-4388-43fc-9f80-e1596f805e50,8/4/2015,1bd3ac69-2382-41d2-be95-ee32ed8e9d68,8/20/2015,e7b57a0d-51be-41fe-b1ae-e08b596c75ca
85bdc903-bf4a-4ecf-8177-b7efe5dc04c4,96713995-3efa-43e5-b910-48a2d1273e1b,2/22/2016,,,
2e863e1d-69eb-4ade-bd1e-85f4c8eaa9fc,04a0aad1-af2b-4a2a-92e0-a811946ece0c,3/9/2016,,,
94f88328-5254-4e6c-8e6c-17daec207b4d,cb779c58-4538-4efd-aefe-efd63f98a1b4,4/2/2016,,,
c05860a1-d7d9-45c3-910e-4c3e5dedeffc,24aced1a-4388-43fc-9f80-e1596f805e50,2/19/2016,,,
375c08e8-ad4c-4254-a83b-7e5845f668ad,26f80174-43b4-47ef-8a59-19795a078903,12/16/2015,,,
e9be756c-4a06-4c66-b3d7-553b80112d5e,0c56f782-c900-4335-81d8-78197e611041,1/4/2016,,,
98a41d08-7723-4e58-8a88-8c85d6b60faf,9bd673f2-1f8b-4a69-957b-2e135b5de64f,7/6/2015,,,
b9bfc430-68c2-499e-aeca-4796890b733a,051a01ce-80a5-4b69-a885-c6f165468bd4,5/27/2016,42c579c1-571b-4b99-8e05-53d0cd7f32a2,6/8/2016,5fd1c88b-ccce-481a-b803-3445e606eb98
0acc25ea-6d13-4d7e-af45-f9915ecf6e01,e0791417-9f1a-4909-9915-a02e8002d65b,5/1/2016,,,
f983749f-24f5-4e0b-8f4b-95d3d35bef2d,42a7049c-17eb-4a35-b4d4-c0f562fff223,2/11/2016,,,
6fc987fa-683d-4e59-9bf0-4f02fed54466,6933121c-69dc-47be-aff2-a0762b81d451,4/19/2016,,,
2af011e2-d36d-4b2e-a176-d9395cf1cf1d,8c1699ac-2d2e-4128-936d-c447d7f77cbb,9/1/2015,,,
41275126-360b-4dd8-b06e-ae4b996d9f29,e0791417-9f1a-4909-9915-a02e8002d65b,8/22/2015,,,
1601708c-02d7-4bf7-bb73-05c498d87cab,9bd673f2-1f8b-4a69-957b-2e135b5de64f,8/25/2015,,,
617eccf1-83cc-45fc-b061-04244ce30fa2,9bd673f2-1f8b-4a69-957b-2e135b5de64f,2/6/2016,,,
9da14de6-c87f-43e4-a1ba-0566a498c64c,cb779c58-4538-4efd-aefe-efd63f98a1b4,8/13/2015,,,
fcdbe602-dae2-4b7d-9af1-ee5698726fdb,6933121c-69dc-47be-aff2-a0762b81d451,10/15/2015,34f6e412-7d6d-42c1-bc93-b4f1fd05bb7c,1/28/2016,15f5cb37-c419-4418-b3c2-ffee3845f5ca
cbd8ce17-9fb5-47e6-afdb-a8313f58557e,8c1699ac-2d2e-4128-936d-c447d7f77cbb,6/8/2016,,,
4fbbf60d-1da2-4397-a4e0-d937562892a4,d0854743-acec-42dc-8ad7-4801bafa729d,3/10/2016,,,
24b39339-8fa0-4ebb-b8c3-2183ca57095d,0c0a2f66-a936-4741-bbe2-f43ad794e040,1/15/2016,,,
17522456-c8ea-4961-af58-7f5644810565,d0854743-acec-42dc-8ad7-4801bafa729d,8/19/2015,,,
3dbcb29d-b1ea-48b6-a452-88c974ed3b6c,6933121c-69dc-47be-aff2-a0762b81d451,1/14/2016,,,
02ef5fcb-14fc-406e-9af1-9362dc42cac7,cb779c58-4538-4efd-aefe-efd63f98a1b4,6/21/2016,,,
c362ee05-1f75-47b1-9bb2-3dfc7097d907,3b6da08e-ba56-44c1-9930-00d084576355,2/4/2016,,,
fb627880-6883-4836-afb9-c097b88d164b,9bd673f2-1f8b-4a69-957b-2e135b5de64f,6/15/2016,,,
4998a356-e6b7-4f6b-984e-66d09b28a4d6,42a7049c-17eb-4a35-b4d4-c0f562fff223,3/12/2016,f6ee3e41-df66-4f2c-88b7-b38de5e7c5ee,4/25/2016,1584e3f0-ecb1-4068-b4e8-e8f82c4b9e72
9cabb0b9-f160-49c7-928d-fb4cf81b18e0,9bd673f2-1f8b-4a69-957b-2e135b5de64f,11/1/2015,,,
baa0f335-718d-4388-a1fd-6216c43c4aca,8c1699ac-2d2e-4128-936d-c447d7f77cbb,2/12/2016,,,
5e7e8d3b-11b4-44cd-92f9-7a2a71e7b15b,8c1699ac-2d2e-4128-936d-c447d7f77cbb,12/2/2015,,,
61bd1132-8dd2-4042-94ba-b960e56835a3,e0791417-9f1a-4909-9915-a02e8002d65b,10/1/2015,,,
ec4f0344-e328-4091-ac37-eed94ab497c4,04a0aad1-af2b-4a2a-92e0-a811946ece0c,8/15/2015,,,
6e079df9-def1-41f2-b420-d414ad0ac022,cb779c58-4538-4efd-aefe-efd63f98a1b4,4/5/2016,325a9b96-2e81-4064-b332-102aaca8b36c,10/28/2015,26440ce9-fe02-4d9a-807f-ab377b8f0047
6b376818-4393-48aa-81c9-e0b4c6157d69,700acc29-9651-4a7c-a0b4-1a1fb07e93a9,9/12/2015,28a16fee-7f71-480f-99fb-f85c40d314ab,3/27/2016,2aa659ef-caff-487c-ba5f-b564376fcea7
7356de87-508a-4949-896f-1899e191b01b,42a7049c-17eb-4a35-b4d4-c0f562fff223,12/4/2015,,,
5ee50704-6737-441c-b443-e08bc807793a,1abeb3cd-8da8-4cc3-867f-10716bc168c2,2/15/2016,,,
2e960502-d342-4a0b-a45b-8fe0fbffad9b,e0791417-9f1a-4909-9915-a02e8002d65b,10/30/2015,,,
064be2a0-3b53-4d0e-8de9-b02a6084ccc7,42a7049c-17eb-4a35-b4d4-c0f562fff223,5/22/2016,,,
895163f2-3fe0-42ed-9243-b0708a7756ae,04a0aad1-af2b-4a2a-92e0-a811946ece0c,6/3/2016,,,
706c8ced-edbb-4952-809c-aece66b5f473,26f80174-43b4-47ef-8a59-19795a078903,3/20/2016,,,
b3904718-c3b3-4d8f-b8d1-3504a3036703,0c56f782-c900-4335-81d8-78197e611041,7/31/2015,,,
adfb6c47-72fe-41e0-a229-434784bb75b2,0c0a2f66-a936-4741-bbe2-f43ad794e040,7/2/2015,,,
5138e6de-6c98-4441-8be1-ced0021268e2,cb779c58-4538-4efd-aefe-efd63f98a1b4,9/27/2015,,,
c20f5797-40ae-4641-ba14-cd6a83bb2891,9bd673f2-1f8b-4a69-957b-2e135b5de64f,5/17/2016,,,
0eaebeae-b7f5-492f-a865-085929f59f0f,0c0a2f66-a936-4741-bbe2-f43ad794e040,1/24/2016,a2d3c3ab-e3ef-4431-8289-ea9278d63fcb,6/26/2016,455e1321-b73d-4f4b-8ecb-d1ac0fc6f6c8
c44e0e2b-03b2-4c5f-8749-6a350ec8013a,6933121c-69dc-47be-aff2-a0762b81d451,4/3/2016,,,
13ee70a0-38a5-4245-8eff-900d19961263,04a0aad1-af2b-4a2a-92e0-a811946ece0c,6/7/2016,,,
49cc70ae-2c2b-4e81-95df-228f04a9d68f,0c0a2f66-a936-4741-bbe2-f43ad794e040,6/16/2016,,,
beaef8e6-0dac-4ba6-8530-c169cf275936,0c0a2f66-a936-4741-bbe2-f43ad794e040,1/11/2016,,,
5e56f9df-a246-48c1-951e-b2901f3bad70,0c0a2f66-a936-4741-bbe2-f43ad794e040,11/13/2015,,,
067ec3f0-b49c-4544-8744-36a7f6a6667e,42a7049c-17eb-4a35-b4d4-c0f562fff223,12/28/2015,,,
7b66402c-1eb1-4b12-8893-9c5ef883efe5,26f80174-43b4-47ef-8a59-19795a078903,4/28/2016,,,
017fa635-2024-4f65-a73f-70f626af82a0,24aced1a-4388-43fc-9f80-e1596f805e50,11/22/2015,,,
6641798b-6013-426c-a6dd-b2717f3ef65a,3b6da08e-ba56-44c1-9930-00d084576355,12/27/2015,9272c6ca-2949-443d-ba73-27ac9c1fe08c,3/2/2016,4ba09b9a-8ddb-4a89-a704-8a2205eb289a
765a33af-67ca-4b68-98ae-7e7687b23ffd,04a0aad1-af2b-4a2a-92e0-a811946ece0c,4/22/2016,,,
7c43bcc6-76cf-4c2e-a290-65784ca968f4,04a0aad1-af2b-4a2a-92e0-a811946ece0c,8/30/2015,b32a0aad-a9c5-4751-8728-5cb2e773b1d2,2/26/2016,8759af77-1c95-4ff1-ad21-7e84af0f5fc0
c3e42112-9843-4737-be84-998edbd1cb97,d0854743-acec-42dc-8ad7-4801bafa729d,10/14/2015,,,
666307c4-1df9-4f63-a064-df98c7cd340a,e0791417-9f1a-4909-9915-a02e8002d65b,7/29/2015,5f328ae6-efc7-4928-a80d-e53d0cd280d2,12/6/2015,52fb22e2-eec1-4691-9564-e48150f7c7ca
8fe3500f-66c2-46f7-90b0-bb716146d262,9bd673f2-1f8b-4a69-957b-2e135b5de64f,1/16/2016,,,
ea6173b0-8318-4b06-abca-c971a8029ea5,700acc29-9651-4a7c-a0b4-1a1fb07e93a9,7/29/2015,,,
bddc54b9-10af-4e39-87de-6b304383c7e1,96713995-3efa-43e5-b910-48a2d1273e1b,6/16/2016,,,
1faebf00-08b5-4688-80bb-d8c048fe553b,96713995-3efa-43e5-b910-48a2d1273e1b,4/1/2016,,,
f8e39824-be5c-40d4-a058-1ba7c99b26cd,24aced1a-4388-43fc-9f80-e1596f805e50,6/5/2016,,,
7fb4c5e4-ee63-42b7-8051-1dcabe0b5c27,d0854743-acec-42dc-8ad7-4801bafa729d,7/10/2015,,,
ecd7b3c4-4f56-47f6-96e4-205baa9dcf4d,cb779c58-4538-4efd-aefe-efd63f98a1b4,12/31/2015,,,
665adb4e-14ee-4c4a-908d-916f9c836f61,6933121c-69dc-47be-aff2-a0762b81d451,7/31/2015,,,
7fbcc6af-ccd4-4cd2-8d42-83ee12e336b2,6933121c-69dc-47be-aff2-a0762b81d451,1/29/2016,,,
cd243868-f9e7-43ea-95b3-7736eebe150d,cb779c58-4538-4efd-aefe-efd63f98a1b4,4/16/2016,,,
0ff6b763-c573-419e-899f-788c324cef76,8c1699ac-2d2e-4128-936d-c447d7f77cbb,10/18/2015,38fb2e81-3235-4ec6-8d98-a7ffecb2e7d4,3/31/2016,82d87c25-4c2a-457e-a447-ec161726714c
81702f54-3670-40b1-ac77-5d97d1a37eef,0c56f782-c900-4335-81d8-78197e611041,12/14/2015,,,
bcd8ae90-2439-4967-ac17-a6f37f0d70a6,0c0a2f66-a936-4741-bbe2-f43ad794e040,9/7/2015,,,
3d7af30a-27a2-40a0-b9d1-c80b3b8d5e4f,0c56f782-c900-4335-81d8-78197e611041,10/15/2015,,,
543646d8-9c28-4a63-a765-494d2c81f1cb,42a7049c-17eb-4a35-b4d4-c0f562fff223,6/22/2016,,,
1dfee50d-280c-4cb6-9ef8-1f8b57017581,051a01ce-80a5-4b69-a885-c6f165468bd4,5/23/2016,,,
25c6d587-c03d-4f7e-8e04-aa96b1f02658,3b6da08e-ba56-44c1-9930-00d084576355,2/4/2016,,,
7033195d-cff2-4cd0-9c1b-aa9970a309ab,42a7049c-17eb-4a35-b4d4-c0f562fff223,7/5/2015,,,
9e2dfd17-8618-4e59-bae8-ec182b5e6395,700acc29-9651-4a7c-a0b4-1a1fb07e93a9,1/10/2016,,,
b0916c77-05e5-4b3a-b79d-febea1294a83,d0854743-acec-42dc-8ad7-4801bafa729d,7/23/2015,,,
cd0cb42e-08b8-49c9-b0e0-11f65fc95765,26f80174-43b4-47ef-8a59-19795a078903,7/16/2015,0178af73-c710-4517-84ec-67bcdb8eb32e,12/26/2015,324f194f-7ecf-42cc-b657-95461dfdc12f
f5a29e33-036f-4074-96d3-86f82e65e00a,d0854743-acec-42dc-8ad7-4801bafa729d,1/8/2016,,,
3a2861c2-34cd-4bc8-9749-03b528e2e47d,cb779c58-4538-4efd-aefe-efd63f98a1b4,6/15/2016,,,
55929a46-2b93-4f9e-9af4-6b126faf90d6,3b6da08e-ba56-44c1-9930-00d084576355,8/21/2015,,,
c7b77a84-b064-4f82-ae87-20650399eafa,d0854743-acec-42dc-8ad7-4801bafa729d,9/8/2015,,,
5f6b989a-88b4-4fcf-9a91-13f16b0864c9,3b6da08e-ba56-44c1-9930-00d084576355,12/8/2015,,,
43cd3bc3-8348-4c75-a183-08b05a53681d,0c0a2f66-a936-4741-bbe2-f43ad794e040,3/16/2016,,,
a105df32-86b4-4385-8801-048e3bfd8424,cb779c58-4538-4efd-aefe-efd63f98a1b4,10/12/2015,,,
5440e667-e70a-4d90-b0aa-95a3e3834712,26f80174-43b4-47ef-8a59-19795a078903,5/2/2016,b570bee0-8200-4423-805b-26dba4941bbe,11/1/2015,c937498b-528a-4b98-a377-7537414a37a4
4832c477-efc5-4958-b1f9-2c53993195d5,42a7049c-17eb-4a35-b4d4-c0f562fff223,4/9/2016,,,
d0083b0a-15dd-42ef-90d1-b7a295e03f4c,952cfb6b-82db-4895-8072-1d949662f99d,12/14/2015,,,
2b0037a9-85f6-41ad-b4d2-f6dc58a984c3,9bd673f2-1f8b-4a69-957b-2e135b5de64f,12/15/2015,8b12de11-6331-4836-8c85-a50ba3c78a61,6/24/2016,ae84cd3f-8569-46d2-93eb-9362ad1bfadb
a3601f13-d38c-4039-aeac-63963607c369,26f80174-43b4-47ef-8a59-19795a078903,1/5/2016,,,
13e8d3f9-d507-46a4-8a5f-1af616140ab8,051a01ce-80a5-4b69-a885-c6f165468bd4,4/1/2016,,,
1157bd10-0042-4dc8-8598-2bc102e398f5,2a1a8d1d-8123-49ae-8adc-34318b7d4f5e,11/6/2015,,,
9d4ccfc4-a8d1-465c-8ad8-e241170b412e,9bd673f2-1f8b-4a69-957b-2e135b5de64f,12/15/2015,,,
7aabde4f-543b-4a00-9e8b-f2dee7facb26,d0854743-acec-42dc-8ad7-4801bafa729d,1/8/2016,,,
2fd1d258-08c2-433e-a6f6-0bd18db7849d,cb779c58-4538-4efd-aefe-efd63f98a1b4,5/13/2016,,,
e5296bef-a301-4831-a05e-034e5345a72e,700acc29-9651-4a7c-a0b4-1a1fb07e93a9,1/5/2016,,,
fa8f64c5-faaf-467b-861e-be2f113cf19c,6933121c-69dc-47be-aff2-a0762b81d451,6/16/2016,,,
3c6e7dab-19b1-4ef7-8fbb-8ba79f4707b5,cb779c58-4538-4efd-aefe-efd63f98a1b4,3/28/2016,,,
e84a0c4e-9bca-4883-9f2c-f95d1a481d00,26f80174-43b4-47ef-8a59-19795a078903,7/19/2015,,,
ce119a18-e518-4b07-83f1-ddf854e6a3e2,051a01ce-80a5-4b69-a885-c6f165468bd4,8/21/2015,,,
991d9144-f5e6-4b92-a37b-122fa0b37c2d,700acc29-9651-4a7c-a0b4-1a1fb07e93a9,2/19/2016,,,
e53b5a8c-bd9d-4312-b173-b10400897ce7,cb779c58-4538-4efd-aefe-efd63f98a1b4,9/7/2015,,,
379d8d00-ed90-4983-abd5-9b42eb904b4b,8c1699ac-2d2e-4128-936d-c447d7f77cbb,10/30/2015,,,
0b05a877-4467-4efe-8f15-95e0e772cb3b,04a0aad1-af2b-4a2a-92e0-a811946ece0c,9/4/2015,,,
84c157b8-462c-4c09-b6d2-66654837fb74,8c1699ac-2d2e-4128-936d-c447d7f77cbb,12/19/2015,,,
c4755665-48e2-4e18-92da-c574b68ae0ed,04a0aad1-af2b-4a2a-92e0-a811946ece0c,3/6/2016,,,
22b62649-19c6-448d-8927-946e23e4884b,9bd673f2-1f8b-4a69-957b-2e135b5de64f,2/3/2016,,,
4ad72f77-945e-4626-b918-70425c533948,04a0aad1-af2b-4a2a-92e0-a811946ece0c,7/8/2015,,,
81854584-c8e3-4e20-90fb-53bd06cf2f42,0c56f782-c900-4335-81d8-78197e611041,7/7/2015,1a1e0a07-6f12-44e7-bd92-7ea26a60a363,12/21/2015,a8cd1bdb-3b7d-481d-9ed1-770a30a47cbb
1f36e89c-2c2f-4a1b-90e1-efd0c3e4e275,d0854743-acec-42dc-8ad7-4801bafa729d,2/17/2016,,,
0a7375df-8396-40d3-b0d3-4633e4feea99,42a7049c-17eb-4a35-b4d4-c0f562fff223,10/29/2015,,,
e949f429-578a-448b-ae94-9c42c964b0c1,700acc29-9651-4a7c-a0b4-1a1fb07e93a9,3/11/2016,,,
85995374-ad74-4af4-9225-d898a074fb2b,1abeb3cd-8da8-4cc3-867f-10716bc168c2,5/24/2016,,,
8ce3caf8-ae92-4452-9b6e-27bf346b4cbd,96713995-3efa-43e5-b910-48a2d1273e1b,10/3/2015,bdcee6b3-3e3b-40a6-ab05-ddfe41b59f2c,8/7/2015,423312f8-f046-46f7-8a1a-9a4b97b1a716
94641e16-7201-4768-8a51-8898ecfceb2a,0c0a2f66-a936-4741-bbe2-f43ad794e040,2/9/2016,c02d81fb-c45e-444c-a76e-f2c1d5d5f4da,2/1/2016,7fb1e315-272e-48af-a190-936bd977feea
3329af73-b03f-4bb9-b976-0bd7fd16230b,cb779c58-4538-4efd-aefe-efd63f98a1b4,1/7/2016,,,
5f41228b-713b-4214-93a8-cdc35d60afab,cb779c58-4538-4efd-aefe-efd63f98a1b4,2/19/2016,,,
b1bc5306-f6b5-406c-a009-65592f7a6097,0c0a2f66-a936-4741-bbe2-f43ad794e040,3/16/2016,f2bcc84d-f07d-4f5a-8060-14ba00952be5,1/11/2016,1853149b-7a99-4e03-8f64-146dce8b1b18
0b6ae393-c497-4d75-9fc4-d92b33c6f5c0,3b6da08e-ba56-44c1-9930-00d084576355,8/13/2015,,,
9fad5c14-0a17-4317-9f6e-2112a61f5077,cb779c58-4538-4efd-aefe-efd63f98a1b4,10/6/2015,,,
73791fa1-80a3-4d75-81db-324f5c004bf8,2a1a8d1d-8123-49ae-8adc-34318b7d4f5e,10/4/2015,,,
8180b464-857d-47d7-a62a-c1dbf60fec18,e0791417-9f1a-4909-9915-a02e8002d65b,3/26/2016,5315ca78-6ed0-4a89-93b9-afe3702429b4,2/14/2016,67401497-f5f2-4153-b925-43e79cdb6626
b68daf27-adb1-41ca-9838-0fd21c72fbf1,e0791417-9f1a-4909-9915-a02e8002d65b,3/1/2016,,,
0bc8b67f-7a3e-4d70-944d-5a6d679e32e1,0c56f782-c900-4335-81d8-78197e611041,9/6/2015,,,
d072b50d-d71e-4fb6-87cb-0e7f6e5ec1af,cb779c58-4538-4efd-aefe-efd63f98a1b4,10/31/2015,,,
5831628f-f273-4b51-9505-04497fa73a90,0c56f782-c900-4335-81d8-78197e611041,4/7/2016,,,
9235e166-b901-469a-af5b-60b4646a8983,952cfb6b-82db-4895-8072-1d949662f99d,2/27/2016,,,
8173d15a-23d5-40e0-a51a-52fa5c8a5d59,cb779c58-4538-4efd-aefe-efd63f98a1b4,1/24/2016,,,
97cb3672-e43b-4efc-a82b-bb306d647b30,9bd673f2-1f8b-4a69-957b-2e135b5de64f,2/20/2016,,,
8ce0ed03-e2ee-4309-b0f9-35b27d14e0ac,6933121c-69dc-47be-aff2-a0762b81d451,9/20/2015,,,
ae1f49c2-da39-481e-aa54-8f4ace105413,0c56f782-c900-4335-81d8-78197e611041,12/27/2015,,,
c4991efc-ad2b-4684-970a-b3f1ad289cb2,d0854743-acec-42dc-8ad7-4801bafa729d,12/28/2015,,,
05077416-5654-4690-89b0-ee2df29dadd9,96713995-3efa-43e5-b910-48a2d1273e1b,9/25/2015,,,
24c4ba3f-ecec-4f8e-875c-052abbf724c5,952cfb6b-82db-4895-8072-1d949662f99d,9/11/2015,,,
e83ecf52-a42d-411b-a9f3-28d6f559c7ea,96713995-3efa-43e5-b910-48a2d1273e1b,6/18/2016,,,
c1a54cac-9fd2-4d6e-8572-ead4734b64ce,2a1a8d1d-8123-49ae-8adc-34318b7d4f5e,9/9/2015,,,
fa22f7fd-c3e5-48b7-b893-7193636bd89a,cb779c58-4538-4efd-aefe-efd63f98a1b4,4/24/2016,,,
855e8e89-b24b-42e4-ad91-bab4e1d01f90,0c0a2f66-a936-4741-bbe2-f43ad794e040,5/13/2016,,,
85de4476-a585-4a2d-bed6-122a17c1857e,1abeb3cd-8da8-4cc3-867f-10716bc168c2,1/23/2016,,,
42c2a9ba-02e6-4fdc-8b70-1bb899e33b28,1abeb3cd-8da8-4cc3-867f-10716bc168c2,12/4/2015,,,
c4dcee15-e2f2-4449-b9e4-7b37e92c5cec,96713995-3efa-43e5-b910-48a2d1273e1b,5/30/2016,,,
676c8026-a761-4ed5-8c7e-e6002be04034,96713995-3efa-43e5-b910-48a2d1273e1b,3/16/2016,,,
869b3bfd-7df4-43a7-8497-ce35e979c3d2,26f80174-43b4-47ef-8a59-19795a078903,2/11/2016,,,
b5081fba-be24-44e1-8d9e-7e657cdc8332,26f80174-43b4-47ef-8a59-19795a078903,9/21/2015,,,
8925e7b7-c52d-4688-abbf-9159275d7c5f,051a01ce-80a5-4b69-a885-c6f165468bd4,1/19/2016,,,
790c54e7-b8f5-4de2-a916-87b1d3f961f3,e0791417-9f1a-4909-9915-a02e8002d65b,11/6/2015,,,
e9ae0e9e-4ad1-499d-b940-a94bf8f96dee,cb779c58-4538-4efd-aefe-efd63f98a1b4,1/2/2016,,,
3bbd7352-335a-422f-a0bf-ec48c439127e,2a1a8d1d-8123-49ae-8adc-34318b7d4f5e,1/4/2016,,,
79df3a05-b201-4122-85c7-4d91834cd552,04a0aad1-af2b-4a2a-92e0-a811946ece0c,11/20/2015,,,
062a566a-7e7e-4ace-917f-29ade0bea810,cb779c58-4538-4efd-aefe-efd63f98a1b4,4/4/2016,,,
ff1e01c4-3514-4a41-9cb4-7dd25b77de8c,0c0a2f66-a936-4741-bbe2-f43ad794e040,6/13/2016,9b3e1c4e-4bc1-4c69-adef-426fcc0ca917,9/16/2015,df8a40db-133b-4a32-a48b-46e8530a816c
773948fb-815e-4017-82f9-55eeb56c417c,26f80174-43b4-47ef-8a59-19795a078903,6/15/2016,,,
575f8c0c-7361-49a2-a385-bff51bc3bf19,3b6da08e-ba56-44c1-9930-00d084576355,5/2/2016,,,
2a6fa2d3-5c4d-421a-9510-94692236b399,1abeb3cd-8da8-4cc3-867f-10716bc168c2,2/5/2016,f2ac8416-f992-4ad5-b1bf-fbb4cf981548,11/4/2015,3a8f6c85-a391-41a0-96cd-9fd60eade335
00e7443d-4db4-46ef-af9b-a0247b7dee1b,24aced1a-4388-43fc-9f80-e1596f805e50,10/2/2015,,,
5f67ad3b-7ee2-45f9-928c-78547b0edcc3,0c56f782-c900-4335-81d8-78197e611041,6/20/2016,,,
23113ae3-8a50-43dc-aea7-e97fe892879c,8c1699ac-2d2e-4128-936d-c447d7f77cbb,6/30/2015,,,
52267316-d731-4f2b-ae48-7eca21ec4f2e,952cfb6b-82db-4895-8072-1d949662f99d,7/1/2015,3c96a15d-2850-4d0d-aaa7-60525fd3667f,12/12/2015,85fa4b37-d4af-4185-8947-498fe5c6ba14
845d1661-b9fc-4427-ba2f-970b3a72d8e9,26f80174-43b4-47ef-8a59-19795a078903,8/22/2015,,,
2fcbf89c-b5de-47e5-8761-a9a4c6511f21,2a1a8d1d-8123-49ae-8adc-34318b7d4f5e,5/3/2016,,,
1f3461d7-bef9-4f8f-868c-56eb36116d52,0c56f782-c900-4335-81d8-78197e611041,5/17/2016,0d1c61b3-c066-4384-af11-63f5f0aa76c5,6/14/2016,42d1ce1e-7ad0-4d4a-b2ba-e6e0b73dcac7
dc6c849b-195c-4b64-a434-ad76ce42c0fc,0c0a2f66-a936-4741-bbe2-f43ad794e040,8/25/2015,,,
5417f0fa-5abe-42fa-9454-75d45864fb2b,cb779c58-4538-4efd-aefe-efd63f98a1b4,12/26/2015,,,
1a263688-7e67-4998-8d46-ab841270ad94,700acc29-9651-4a7c-a0b4-1a1fb07e93a9,2/7/2016,,,
f66f8ecf-5a02-4c02-b090-9e2141c8d3d9,700acc29-9651-4a7c-a0b4-1a1fb07e93a9,11/27/2015,,,
08a091cb-9dcb-4e1e-b6b5-8b6f1be35d4c,0c0a2f66-a936-4741-bbe2-f43ad794e040,7/15/2015,,,
58bff68f-1fa8-46ef-876a-55b18e796a4c,051a01ce-80a5-4b69-a885-c6f165468bd4,5/12/2016,,,
d07bfe08-1a32-43c4-8415-fc8f19122297,42a7049c-17eb-4a35-b4d4-c0f562fff223,7/17/2015,,,
cbb68ebe-9038-48aa-8e7b-ed2eb66fb597,952cfb6b-82db-4895-8072-1d949662f99d,1/16/2016,,,
5c848951-79be-42ab-8c0d-2da3511162b9,0c56f782-c900-4335-81d8-78197e611041,2/9/2016,,,
7b1bbd8b-b2d4-44fe-88b3-38def4d81f75,952cfb6b-82db-4895-8072-1d949662f99d,1/8/2016,,,
df29e6b0-0c9f-454d-b803-c9d8710aa643,0c56f782-c900-4335-81d8-78197e611041,2/22/2016,655c1f03-3a0b-4d15-8d63-671a73788229,12/5/2015,9733946f-faa5-46f8-89f8-2b2001138974
c445c2d8-2aca-4025-98a2-ef2551316c1c,0c56f782-c900-4335-81d8-78197e611041,2/15/2016,587d2693-ab6a-4c6f-a552-475b26e29de2,4/22/2016,219f4926-fd15-4417-90fa-b61244f03bd9
b2e9d16d-5ab4-4672-be3b-6314e789699a,700acc29-9651-4a7c-a0b4-1a1fb07e93a9,9/24/2015,,,
f97c5e63-e9b4-48f0-be32-bb51b7953e43,051a01ce-80a5-4b69-a885-c6f165468bd4,5/22/2016,,,
26c24808-5abc-43dd-aeff-bb0f44947779,952cfb6b-82db-4895-8072-1d949662f99d,12/19/2015,bded2c8b-53e7-4044-971a-3bbb6570f45a,2/7/2016,57684623-2b0d-4207-84c2-f962c1b8b0f7
5a55c38a-9e67-4ce1-b100-a78b30ce5961,700acc29-9651-4a7c-a0b4-1a1fb07e93a9,11/29/2015,,,
a4bb253d-9823-47f5-9f00-581903906338,42a7049c-17eb-4a35-b4d4-c0f562fff223,12/16/2015,,,
e0fd3540-8e30-482e-904f-6a4896438f34,0c56f782-c900-4335-81d8-78197e611041,12/4/2015,,,
5b17eabf-1956-44c0-9089-7d7b5f3a6f61,2a1a8d1d-8123-49ae-8adc-34318b7d4f5e,10/28/2015,,,
99a64432-c087-4273-b87c-e87fc10c5446,0c0a2f66-a936-4741-bbe2-f43ad794e040,3/2/2016,,,
2f1f24d6-9eea-467c-9295-dca696a55f8f,0c56f782-c900-4335-81d8-78197e611041,5/6/2016,,,
7b2a5364-e2cb-459e-9097-59bb5e6111a6,cb779c58-4538-4efd-aefe-efd63f98a1b4,1/10/2016,,,
44962635-ecfe-4899-b462-47918c8e8a6c,96713995-3efa-43e5-b910-48a2d1273e1b,7/18/2015,,,
3f388608-5e14-4299-a006-6ee8b37e3c88,cb779c58-4538-4efd-aefe-efd63f98a1b4,2/19/2016,,,
a9f0812b-2288-4bde-8620-ec1775a5314f,051a01ce-80a5-4b69-a885-c6f165468bd4,3/24/2016,12217168-6333-468b-9377-34ebe90fc516,1/2/2016,d62c42ee-b575-42fc-9bed-da0f3a70b6dc
deb8c8b8-6837-4ab8-b4fc-4adcec758401,2a1a8d1d-8123-49ae-8adc-34318b7d4f5e,7/25/2015,,,
38c3086a-0050-4351-a987-5a0582755f48,0c0a2f66-a936-4741-bbe2-f43ad794e040,8/15/2015,,,
38790dec-da16-4583-b776-660556474008,9bd673f2-1f8b-4a69-957b-2e135b5de64f,5/6/2016,,,
c7529296-ee58-4a00-9c07-c6d6bb333e10,d0854743-acec-42dc-8ad7-4801bafa729d,8/16/2015,,,
4f4445d8-0c71-4dde-8658-5519375c8203,700acc29-9651-4a7c-a0b4-1a1fb07e93a9,3/30/2016,,,
0d083613-5ab9-424b-ad2d-b97fd7349c90,051a01ce-80a5-4b69-a885-c6f165468bd4,2/7/2016,,,
31cdfd51-eb1e-4009-8905-5983c5583185,24aced1a-4388-43fc-9f80-e1596f805e50,3/23/2016,,,
369d6690-1676-4664-be9a-883b143bebd1,9bd673f2-1f8b-4a69-957b-2e135b5de64f,10/19/2015,,,
72a484e6-8dc9-4761-b840-d45a7c77a2db,0c56f782-c900-4335-81d8-78197e611041,2/17/2016,,,
8470411e-73f8-4b27-9626-a18cad9a4457,04a0aad1-af2b-4a2a-92e0-a811946ece0c,4/2/2016,,,
2c2aa77b-bd2c-49e8-9bd1-aa8811823f43,d0854743-acec-42dc-8ad7-4801bafa729d,1/4/2016,,,
565bb172-1a05-4125-97b0-a53d4829be0c,0c0a2f66-a936-4741-bbe2-f43ad794e040,12/27/2015,,,
37db491f-4c34-46ff-8ffa-51e63cf28301,0c0a2f66-a936-4741-bbe2-f43ad794e040,8/18/2015,,,
78d281b9-5755-4c03-b409-59520dfc033d,d0854743-acec-42dc-8ad7-4801bafa729d,4/29/2016,,,
254f0689-6b50-4744-81b2-1cb75f09de87,d0854743-acec-42dc-8ad7-4801bafa729d,5/11/2016,,,
f0b96774-bba5-4d5d-aae3-7467ab2385d4,d0854743-acec-42dc-8ad7-4801bafa729d,1/28/2016,,,
aed34062-62cd-4091-b87e-06bf508f6c28,cb779c58-4538-4efd-aefe-efd63f98a1b4,8/9/2015,,,
2a55b9f0-38e0-4282-8346-510f9c5504ba,8c1699ac-2d2e-4128-936d-c447d7f77cbb,3/19/2016,,,
95d1b886-81fb-4df2-8913-1185c3535cab,96713995-3efa-43e5-b910-48a2d1273e1b,5/9/2016,,,
91ee70ae-39a3-4a27-b631-78be9e51b54f,04a0aad1-af2b-4a2a-92e0-a811946ece0c,11/18/2015,,,
ee2fbb76-888b-4938-b021-0e8a9f00a1fd,6933121c-69dc-47be-aff2-a0762b81d451,6/11/2016,83cba578-bfb9-4c9b-867c-a872736e8c86,12/3/2015,fa9877c9-f3ea-4aac-b879-b52f0c09a848
3b4067dc-7162-4ed0-a761-d34feb4e132d,2a1a8d1d-8123-49ae-8adc-34318b7d4f5e,10/20/2015,,,
b99a67c5-ea32-42a1-9238-0044002a443d,700acc29-9651-4a7c-a0b4-1a1fb07e93a9,10/5/2015,,,
1b405faa-be39-4e00-a698-99fa4ff7be8f,700acc29-9651-4a7c-a0b4-1a1fb07e93a9,1/26/2016,,,
bfe6b615-5049-4215-8add-c269748a4400,952cfb6b-82db-4895-8072-1d949662f99d,1/21/2016,,,
c2c70269-082c-4034-9128-13c2106a2e96,0c0a2f66-a936-4741-bbe2-f43ad794e040,6/21/2016,156a1751-9ef2-479b-91fc-ee6a90c7e2d7,12/16/2015,ffe07902-0403-4f7e-8cd4-ae9479fb2c2c
09bd0a09-98da-40d6-b887-4365796f2727,42a7049c-17eb-4a35-b4d4-c0f562fff223,8/20/2015,,,
34c9c576-3528-43e7-a0c8-5600615fba78,952cfb6b-82db-4895-8072-1d949662f99d,10/28/2015,,,
e1c11c27-2597-4872-9240-0166badd0fb3,04a0aad1-af2b-4a2a-92e0-a811946ece0c,7/7/2015,,,
9144073b-ca5a-4faf-a7ab-4e6372b69511,d0854743-acec-42dc-8ad7-4801bafa729d,3/7/2016,,,
b211db12-da0f-4ffc-952b-b93132cd4f16,952cfb6b-82db-4895-8072-1d949662f99d,12/2/2015,,,
8f49dbc9-c77c-4483-bb95-a9a0c8031a3b,6933121c-69dc-47be-aff2-a0762b81d451,11/14/2015,,,
67dd8926-d35e-4edd-af33-292559ad88e8,04a0aad1-af2b-4a2a-92e0-a811946ece0c,9/10/2015,,,
75561844-44eb-4e72-8fae-184cec093634,952cfb6b-82db-4895-8072-1d949662f99d,10/10/2015,e2536165-0386-4c58-baa9-bfd9b6bd2e16,3/20/2016,b08ee019-3326-4f59-b1f7-c1007ef1be28
fe084a24-17ce-4b1b-9f26-624510ad1993,6933121c-69dc-47be-aff2-a0762b81d451,8/17/2015,,,
81ec4cbb-88c1-4f54-883f-36f434dab09b,04a0aad1-af2b-4a2a-92e0-a811946ece0c,10/2/2015,,,
0c0f6a90-69cd-4947-a036-837ecea62d4d,2a1a8d1d-8123-49ae-8adc-34318b7d4f5e,5/9/2016,,,
5be82a24-e64b-449d-b63c-c06a14de5824,8c1699ac-2d2e-4128-936d-c447d7f77cbb,11/9/2015,5a6acb4b-30ed-42f0-9f10-deeffffa52cb,10/10/2015,d7557e54-0483-4387-abff-7e35eb8de53d
039e8eb2-8d94-4870-b385-c97849cb2ad2,e0791417-9f1a-4909-9915-a02e8002d65b,10/18/2015,,,
be73c85e-816c-440c-875b-4b54da8de350,8c1699ac-2d2e-4128-936d-c447d7f77cbb,3/12/2016,,,
62674d5c-a349-44d9-a1fd-84cccee5f988,3b6da08e-ba56-44c1-9930-00d084576355,6/15/2016,,,
e39f8f3a-4db9-4c1a-95d2-73fe34fef10d,e0791417-9f1a-4909-9915-a02e8002d65b,7/1/2015,,,
623f1a19-10fa-46a2-9b34-94c018e9fade,6933121c-69dc-47be-aff2-a0762b81d451,9/26/2015,,,
b64b2f88-1860-4482-bff5-583a623a3866,d0854743-acec-42dc-8ad7-4801bafa729d,3/7/2016,,,
53fbf706-75f7-4547-8f4d-d4a1d7a23a92,24aced1a-4388-43fc-9f80-e1596f805e50,7/30/2015,,,
182f28ef-ac7a-43a0-a477-9ce2572f8ccc,cb779c58-4538-4efd-aefe-efd63f98a1b4,9/10/2015,,,
8f16296b-1664-4f63-9386-58a1044eb060,26f80174-43b4-47ef-8a59-19795a078903,2/6/2016,,,
90b3d3ee-5cc5-435f-9a06-257ea9414df4,d0854743-acec-42dc-8ad7-4801bafa729d,8/19/2015,,,
2157dfb9-e86e-4f77-a3ed-cbe462d839c8,24aced1a-4388-43fc-9f80-e1596f805e50,9/19/2015,,,
fec15992-7467-4daf-a224-731c9786786a,d0854743-acec-42dc-8ad7-4801bafa729d,10/31/2015,,,
cf64754b-ae2c-4544-a365-1082c91e4472,700acc29-9651-4a7c-a0b4-1a1fb07e93a9,5/11/2016,7f9c618f-d7c7-44f2-aa79-b8b34eeb581d,3/30/2016,02b93139-33f2-48af-ab48-9a4bb29fd6a5
813eafbf-0791-4462-b899-18d901c47f87,d0854743-acec-42dc-8ad7-4801bafa729d,12/9/2015,,,
6bca4911-5277-4bc3-b16d-06f4fe055cc0,2a1a8d1d-8123-49ae-8adc-34318b7d4f5e,5/8/2016,,,
a740bef8-5968-4962-a830-6a0cd70e9e96,26f80174-43b4-47ef-8a59-19795a078903,8/12/2015,,,
9c0bdb18-aa67-46bd-aebe-5004c3cb0d8f,952cfb6b-82db-4895-8072-1d949662f99d,12/7/2015,,,
e20a0230-9783-48bc-80a8-c068b7b24bdc,96713995-3efa-43e5-b910-48a2d1273e1b,4/23/2016,3339899b-a56c-40c6-9960-edec5da3ed43,2/10/2016,2ae80f11-2b10-4ea0-8f37-1e8a0d11170b
216c186e-03ae-47d8-a7cb-b2626c8635e6,24aced1a-4388-43fc-9f80-e1596f805e50,4/19/2016,,,
f3b4cd6a-d827-435d-a736-e0009051d8c1,e0791417-9f1a-4909-9915-a02e8002d65b,3/1/2016,,,
03e6c8a4-82cb-4117-9983-0c4d22090dab,9bd673f2-1f8b-4a69-957b-2e135b5de64f,5/15/2016,,,
04561620-4aa4-4cb1-9311-35a90d26c3ca,051a01ce-80a5-4b69-a885-c6f165468bd4,1/2/2016,,,
75266634-0c99-4fe3-8ab0-18a08fe4dbe5,42a7049c-17eb-4a35-b4d4-c0f562fff223,6/6/2016,,,
ba483150-b66a-4801-9dd1-5c414cc683ac,2a1a8d1d-8123-49ae-8adc-34318b7d4f5e,4/29/2016,,,
8404aea2-a6e6-4b39-961c-57f40147d69b,26f80174-43b4-47ef-8a59-19795a078903,6/30/2015,,,
106c0563-0b06-4695-a265-d1e0139ee452,8c1699ac-2d2e-4128-936d-c447d7f77cbb,3/27/2016,,,
505f544a-f18e-48a1-b9ce-820732a244a6,96713995-3efa-43e5-b910-48a2d1273e1b,8/29/2015,0bc94476-d6c1-42c6-a833-333bf6e98ca6,9/9/2015,9ca0f5dc-81cd-46d8-b0d0-d5c7be790b38
7a23285d-daf2-4a4f-9404-13cea2e35cd0,d0854743-acec-42dc-8ad7-4801bafa729d,12/2/2015,,,
c497f37b-cda3-4983-a23d-b3680b03b7b1,700acc29-9651-4a7c-a0b4-1a1fb07e93a9,7/11/2015,,,
445be392-8a12-4a52-8598-776ecae3adf5,cb779c58-4538-4efd-aefe-efd63f98a1b4,11/28/2015,,,
f150a8f4-f9b5-4397-8faa-7ed55f25155e,42a7049c-17eb-4a35-b4d4-c0f562fff223,6/4/2016,,,
0c974b93-4f96-4f5c-a0c7-84d9bca93c49,04a0aad1-af2b-4a2a-92e0-a811946ece0c,2/16/2016,,,
5857588f-629d-4a42-be05-21d2f45a573f,96713995-3efa-43e5-b910-48a2d1273e1b,11/21/2015,,,
9dcd0b8f-4c8e-4458-8523-fe50bddc096d,04a0aad1-af2b-4a2a-92e0-a811946ece0c,7/15/2015,,,
727c0a60-09d3-4ac6-8c33-d3cf80d793d5,d0854743-acec-42dc-8ad7-4801bafa729d,11/2/2015,,,
b7867c57-5e16-4c97-9e4d-5bb916c86747,0c56f782-c900-4335-81d8-78197e611041,7/20/2015,,,
d3452baa-a623-4a09-96fb-20d745bb227e,6933121c-69dc-47be-aff2-a0762b81d451,5/7/2016,,,
a2b5045d-ffd3-4de4-9dee-63848c81feb7,6933121c-69dc-47be-aff2-a0762b81d451,6/24/2016,,,
11aa5c38-6061-4fa5-96dc-df3b719c461d,6933121c-69dc-47be-aff2-a0762b81d451,4/21/2016,f1474a51-fc36-4b12-b9bf-16d334c27d84,10/19/2015,6d6bdea5-2676-4f2c-aeaa-1e1d316294f0
d6d2a2b5-1918-4b8d-abe0-0bf49198a41c,3b6da08e-ba56-44c1-9930-00d084576355,11/8/2015,,,
5015ac13-c7ed-4694-a546-ab253b90449a,cb779c58-4538-4efd-aefe-efd63f98a1b4,4/14/2016,,,
9c3650f5-e7af-4d20-bb8c-6820125b23ec,96713995-3efa-43e5-b910-48a2d1273e1b,7/13/2015,,,
c3942494-a147-4f69-9088-33690e7d5a9b,0c56f782-c900-4335-81d8-78197e611041,11/30/2015,,,
7d14ad6e-cae0-4540-81e8-8d27a38c2e30,9bd673f2-1f8b-4a69-957b-2e135b5de64f,7/1/2015,,,
456dc091-d8d2-4e58-be8d-de0a89384e0b,9bd673f2-1f8b-4a69-957b-2e135b5de64f,11/26/2015,,,
948a74ba-e331-437a-b7bc-d21f8ae97364,26f80174-43b4-47ef-8a59-19795a078903,6/23/2016,,,
16e79c45-2a2a-4583-a7e2-09938e8ac915,e0791417-9f1a-4909-9915-a02e8002d65b,3/13/2016,,,
d6a5a18f-e516-4554-9804-6f5e674a2edc,1abeb3cd-8da8-4cc3-867f-10716bc168c2,4/10/2016,,,
de96e497-d833-454d-85bb-2905318d6aa5,42a7049c-17eb-4a35-b4d4-c0f562fff223,12/3/2015,0f7a1dbb-4604-467a-b12e-05ee5fe31e24,7/21/2015,34632be9-bef5-4861-b46e-216eb326c054
c3b26f5c-0cc7-4d50-a927-f041871bb888,1abeb3cd-8da8-4cc3-867f-10716bc168c2,3/3/2016,e7be9477-f4a1-4900-a130-f9b8dd8713c2,8/2/2015,90a22c45-4678-40da-9430-badfecb6b3aa
4fa31754-98f9-4d06-ac78-2f18d7dd553a,04a0aad1-af2b-4a2a-92e0-a811946ece0c,4/1/2016,,,
fe4e6541-556a-414a-bb4f-4f535b69ef24,26f80174-43b4-47ef-8a59-19795a078903,4/29/2016,,,
62f49b7b-89fa-4c5d-ad1f-3dbc6fcdd956,6933121c-69dc-47be-aff2-a0762b81d451,8/27/2015,ac28a477-ba61-44a8-872b-72676678a9b5,6/15/2016,bd6e5df4-84ca-449e-856f-006da43e2ef2
7b9719b0-2ea5-4fe0-b148-8eb0ec5953ab,e0791417-9f1a-4909-9915-a02e8002d65b,10/28/2015,,,
99587f5a-27d4-4cd9-a1e9-fbfa5b366bc4,e0791417-9f1a-4909-9915-a02e8002d65b,3/2/2016,,,
102aaa47-efcf-4f53-bd60-4686751f878b,96713995-3efa-43e5-b910-48a2d1273e1b,3/15/2016,,,
9b3d11c7-61e6-4356-9886-2483001d5110,700acc29-9651-4a7c-a0b4-1a1fb07e93a9,6/27/2016,,,
d5ecc6bd-3c39-467e-b808-f6b6063f95e7,9bd673f2-1f8b-4a69-957b-2e135b5de64f,9/25/2015,,,
e228af8f-07f7-4554-aeba-af2879060ff7,2a1a8d1d-8123-49ae-8adc-34318b7d4f5e,6/22/2016,,,
653a1662-09a9-460c-bd4d-dc06b5ce0f8c,cb779c58-4538-4efd-aefe-efd63f98a1b4,6/6/2016,,,
f709ab19-ad8a-4469-b7d4-83b20a09ae81,e0791417-9f1a-4909-9915-a02e8002d65b,4/26/2016,,,
4d170f72-1f2c-4033-831a-6d1f14831a1c,8c1699ac-2d2e-4128-936d-c447d7f77cbb,2/29/2016,,,
b623c601-befa-47bc-83ba-7a39420fbfb0,04a0aad1-af2b-4a2a-92e0-a811946ece0c,12/26/2015,,,
d42db37a-52a9-49b9-88ea-770cba5cf3fd,8c1699ac-2d2e-4128-936d-c447d7f77cbb,3/26/2016,,,
280ead33-22da-41f2-885b-fa0d4f0c7366,cb779c58-4538-4efd-aefe-efd63f98a1b4,11/14/2015,c1af9cec-58ef-4878-a1d7-e7a7834f0422,5/23/2016,e6b07136-1ea6-44cb-8776-15ab07a525c0
